城市,年,月,月均温,月降水量,季节
兰州,1960,1,-5.5,5.3,冬
兰州,1960,2,1.61,2.1,冬
兰州,1960,3,6.35,14.2,春
兰州,1960,4,10.0,63.3,春
兰州,1960,5,16.13,42.8,春
兰州,1960,6,22.32,37.8,夏
兰州,1960,7,22.33,116.9,夏
兰州,1960,8,21.75,50.7,夏
兰州,1960,9,18.17,76.7,秋
兰州,1960,10,9.15,21.1,秋
兰州,1960,11,1.76,15.8,秋
兰州,1960,12,-4.65,3.9,冬
兰州,1961,1,-6.97,6.7,冬
兰州,1961,2,-3.29,17.6,冬
兰州,1961,3,4.02,30.5,春
兰州,1961,4,12.31,26.8,春
兰州,1961,5,16.95,23.2,春
兰州,1961,6,21.38,83.8,夏
兰州,1961,7,24.03,43.2,夏
兰州,1961,8,21.62,142.4,夏
兰州,1961,9,15.55,115.9,秋
兰州,1961,10,9.67,70.3,秋
兰州,1961,11,1.81,15.8,秋
兰州,1961,12,-3.38,2.5,冬
兰州,1962,1,-4.85,1.5,冬
兰州,1962,2,-0.47,7.8,冬
兰州,1962,3,3.95,7.4,春
兰州,1962,4,10.19,14.6,春
兰州,1962,5,17.58,22.5,春
兰州,1962,6,21.64,22.8,夏
兰州,1962,7,21.77,120.4,夏
兰州,1962,8,22.03,65.4,夏
兰州,1962,9,16.27,86.2,秋
兰州,1962,10,10.61,62.0,秋
兰州,1962,11,-2.44,34.9,秋
兰州,1962,12,-6.08,0.6,冬
兰州,1963,1,-5.67,0.8,冬
兰州,1963,2,-1.16,7.6,冬
兰州,1963,3,6.22,9.3,春
兰州,1963,4,10.24,30.3,春
兰州,1963,5,17.0,76.4,春
兰州,1963,6,20.27,67.3,夏
兰州,1963,7,21.58,116.8,夏
兰州,1963,8,22.02,139.4,夏
兰州,1963,9,17.41,55.6,秋
兰州,1963,10,10.99,29.4,秋
兰州,1963,11,3.31,47.3,秋
兰州,1963,12,-2.67,6.0,冬
兰州,1964,1,-4.27,9.0,冬
兰州,1964,2,-5.34,9.9,冬
兰州,1964,3,6.29,15.4,春
兰州,1964,4,14.51,51.6,春
兰州,1964,5,17.07,62.1,春
兰州,1964,6,19.38,97.8,夏
兰州,1964,7,20.01,225.1,夏
兰州,1964,8,20.62,136.2,夏
兰州,1964,9,15.24,130.0,秋
兰州,1964,10,10.61,61.8,秋
兰州,1964,11,3.31,6.0,秋
兰州,1964,12,-3.0,1.5,冬
兰州,1965,1,-1.92,1.6,冬
兰州,1965,2,-1.12,10.1,冬
兰州,1965,3,4.27,17.4,春
兰州,1965,4,10.99,60.5,春
兰州,1965,5,16.8,37.8,春
兰州,1965,6,20.41,63.2,夏
兰州,1965,7,22.2,95.0,夏
兰州,1965,8,21.39,48.4,夏
兰州,1965,9,17.0,43.3,秋
兰州,1965,10,10.98,73.8,秋
兰州,1965,11,2.81,11.7,秋
兰州,1965,12,-5.25,6.9,冬
兰州,1966,1,-2.98,0.8,冬
兰州,1966,2,0.71,4.6,冬
兰州,1966,3,5.98,11.7,春
兰州,1966,4,10.88,23.2,春
兰州,1966,5,16.04,64.1,春
兰州,1966,6,21.61,15.6,夏
兰州,1966,7,21.52,111.6,夏
兰州,1966,8,20.45,111.8,夏
兰州,1966,9,14.2,151.0,秋
兰州,1966,10,9.36,44.6,秋
兰州,1966,11,-3.15,23.5,秋
兰州,1966,12,-6.72,2.1,冬
兰州,1967,1,-6.76,3.7,冬
兰州,1967,2,-2.61,5.5,冬
兰州,1967,3,3.75,23.0,春
兰州,1967,4,9.24,41.2,春
兰州,1967,5,16.47,85.9,春
兰州,1967,6,19.37,72.9,夏
兰州,1967,7,22.1,82.3,夏
兰州,1967,8,20.68,172.1,夏
兰州,1967,9,14.96,95.1,秋
兰州,1967,10,9.26,38.9,秋
兰州,1967,11,-0.87,21.6,秋
兰州,1967,12,-5.93,3.9,冬
兰州,1968,1,-6.16,10.6,冬
兰州,1968,2,-5.73,7.3,冬
兰州,1968,3,4.7,19.7,春
兰州,1968,4,10.01,10.3,春
兰州,1968,5,16.85,19.7,春
兰州,1968,6,21.37,43.7,夏
兰州,1968,7,21.13,123.9,夏
兰州,1968,8,18.94,127.4,夏
兰州,1968,9,16.39,35.3,秋
兰州,1968,10,8.97,50.5,秋
兰州,1968,11,2.43,12.1,秋
兰州,1968,12,-1.79,3.4,冬
兰州,1969,1,-5.97,3.6,冬
兰州,1969,2,-4.18,5.9,冬
兰州,1969,3,4.11,13.6,春
兰州,1969,4,10.48,20.3,春
兰州,1969,5,18.43,33.2,春
兰州,1969,6,20.05,31.2,夏
兰州,1969,7,22.27,69.5,夏
兰州,1969,8,20.33,95.5,夏
兰州,1969,9,15.97,55.2,秋
兰州,1969,10,11.55,16.1,秋
兰州,1969,11,0.16,11.4,秋
兰州,1969,12,-4.45,3.7,冬
兰州,1970,1,-5.64,6.7,冬
兰州,1970,2,-1.59,15.5,冬
兰州,1970,3,1.07,16.8,春
兰州,1970,4,7.37,64.7,春
兰州,1970,5,16.56,21.5,春
兰州,1970,6,18.8,46.9,夏
兰州,1970,7,23.37,110.1,夏
兰州,1970,8,20.17,152.3,夏
兰州,1970,9,14.93,63.1,秋
兰州,1970,10,8.79,24.0,秋
兰州,1970,11,2.08,1.2,秋
兰州,1970,12,-2.91,2.6,冬
兰州,1971,1,-4.8,3.4,冬
兰州,1971,2,-1.46,2.2,冬
兰州,1971,3,4.28,23.8,春
兰州,1971,4,11.48,21.3,春
兰州,1971,5,15.51,55.9,春
兰州,1971,6,19.91,48.3,夏
兰州,1971,7,23.26,100.0,夏
兰州,1971,8,21.5,86.0,夏
兰州,1971,9,14.57,85.6,秋
兰州,1971,10,9.61,18.1,秋
兰州,1971,11,2.03,22.3,秋
兰州,1971,12,-3.93,1.3,冬
兰州,1972,1,-3.18,1.5,冬
兰州,1972,2,-5.83,11.7,冬
兰州,1972,3,4.62,23.2,春
兰州,1972,4,10.33,24.9,春
兰州,1972,5,16.96,81.1,春
兰州,1972,6,20.61,40.2,夏
兰州,1972,7,22.05,39.2,夏
兰州,1972,8,22.56,72.5,夏
兰州,1972,9,16.34,24.0,秋
兰州,1972,10,10.46,5.1,秋
兰州,1972,11,2.35,6.0,秋
兰州,1972,12,-3.09,2.8,冬
兰州,1973,1,-3.98,7.4,冬
兰州,1973,2,0.14,6.9,冬
兰州,1973,3,5.63,16.6,春
兰州,1973,4,12.91,27.5,春
兰州,1973,5,15.86,64.2,春
兰州,1973,6,20.06,58.0,夏
兰州,1973,7,22.18,91.7,夏
兰州,1973,8,21.73,134.4,夏
兰州,1973,9,16.25,72.4,秋
兰州,1973,10,8.81,47.6,秋
兰州,1973,11,3.36,7.9,秋
兰州,1973,12,-1.92,1.4,冬
兰州,1974,1,-4.55,4.4,冬
兰州,1974,2,-4.32,9.6,冬
兰州,1974,3,1.74,27.1,春
兰州,1974,4,12.55,19.9,春
兰州,1974,5,16.98,43.2,春
兰州,1974,6,20.53,28.3,夏
兰州,1974,7,22.72,126.4,夏
兰州,1974,8,20.92,71.4,夏
兰州,1974,9,15.47,81.5,秋
兰州,1974,10,8.83,63.8,秋
兰州,1974,11,2.94,16.4,秋
兰州,1974,12,-6.18,9.2,冬
兰州,1975,1,-4.75,3.7,冬
兰州,1975,2,-0.56,5.5,冬
兰州,1975,3,5.47,22.3,春
兰州,1975,4,10.59,35.9,春
兰州,1975,5,15.22,60.7,春
兰州,1975,6,20.73,21.0,夏
兰州,1975,7,22.07,88.9,夏
兰州,1975,8,22.88,59.4,夏
兰州,1975,9,17.22,64.5,秋
兰州,1975,10,10.81,70.1,秋
兰州,1975,11,1.52,17.5,秋
兰州,1975,12,-7.34,9.4,冬
兰州,1976,1,-4.57,0.8,冬
兰州,1976,2,-0.27,14.1,冬
兰州,1976,3,2.34,16.6,春
兰州,1976,4,9.91,20.7,春
兰州,1976,5,16.39,51.7,春
兰州,1976,6,19.93,53.1,夏
兰州,1976,7,21.02,95.1,夏
兰州,1976,8,18.21,181.9,夏
兰州,1976,9,15.38,61.9,秋
兰州,1976,10,10.26,18.0,秋
兰州,1976,11,-0.03,4.1,秋
兰州,1976,12,-4.53,1.7,冬
兰州,1977,1,-7.23,14.0,冬
兰州,1977,2,-5.01,8.7,冬
兰州,1977,3,4.33,8.2,春
兰州,1977,4,10.61,27.0,春
兰州,1977,5,15.25,36.2,春
兰州,1977,6,20.29,50.4,夏
兰州,1977,7,22.17,104.8,夏
兰州,1977,8,21.34,70.6,夏
兰州,1977,9,16.98,42.6,秋
兰州,1977,10,10.84,50.8,秋
兰州,1977,11,0.92,33.7,秋
兰州,1977,12,-1.97,4.9,冬
兰州,1978,1,-5.39,6.6,冬
兰州,1978,2,-3.56,12.5,冬
兰州,1978,3,3.96,34.4,春
兰州,1978,4,12.65,9.8,春
兰州,1978,5,18.63,41.4,春
兰州,1978,6,20.94,58.2,夏
兰州,1978,7,21.74,138.6,夏
兰州,1978,8,20.5,133.2,夏
兰州,1978,9,15.42,73.6,秋
兰州,1978,10,9.23,62.8,秋
兰州,1978,11,2.62,17.0,秋
兰州,1978,12,-1.2,2.5,冬
兰州,1979,1,-2.98,4.9,冬
兰州,1979,2,0.51,7.6,冬
兰州,1979,3,2.97,11.7,春
兰州,1979,4,11.23,11.6,春
兰州,1979,5,16.36,21.3,春
兰州,1979,6,21.23,61.9,夏
兰州,1979,7,19.64,215.6,夏
兰州,1979,8,19.38,149.9,夏
兰州,1979,9,15.1,69.0,秋
兰州,1979,10,10.92,26.9,秋
兰州,1979,11,0.95,6.2,秋
兰州,1979,12,-0.9,0.2,冬
兰州,1980,1,-5.4,3.6,冬
兰州,1980,2,-3.9,8.5,冬
兰州,1980,3,3.5,17.7,春
兰州,1980,4,9.77,21.6,春
兰州,1980,5,16.55,31.3,春
兰州,1980,6,19.86,63.9,夏
兰州,1980,7,22.46,65.3,夏
兰州,1980,8,21.97,42.8,夏
兰州,1980,9,17.13,49.2,秋
兰州,1980,10,12.05,25.7,秋
兰州,1980,11,5.61,1.4,秋
兰州,1980,12,-1.77,0.2,冬
兰州,1981,1,-4.3,4.7,冬
兰州,1981,2,-1.2,1.9,冬
兰州,1981,3,6.95,16.7,春
兰州,1981,4,11.86,31.1,春
兰州,1981,5,17.24,9.9,春
兰州,1981,6,21.26,46.7,夏
兰州,1981,7,23.3,96.1,夏
兰州,1981,8,21.37,65.1,夏
兰州,1981,9,16.19,66.5,秋
兰州,1981,10,7.97,12.6,秋
兰州,1981,11,-0.22,12.9,秋
兰州,1981,12,-4.5,5.0,冬
兰州,1982,1,-1.04,1.6,冬
兰州,1982,2,-0.01,3.6,冬
兰州,1982,3,5.5,13.6,春
兰州,1982,4,10.95,16.3,春
兰州,1982,5,16.74,24.2,春
兰州,1982,6,21.16,18.0,夏
兰州,1982,7,24.37,13.7,夏
兰州,1982,8,22.16,33.9,夏
兰州,1982,9,15.44,110.3,秋
兰州,1982,10,11.91,36.3,秋
兰州,1982,11,1.64,12.8,秋
兰州,1982,12,-5.07,0.9,冬
兰州,1983,1,-5.59,5.9,冬
兰州,1983,2,-1.2,1.3,冬
兰州,1983,3,3.02,19.9,春
兰州,1983,4,8.45,65.2,春
兰州,1983,5,16.18,53.2,春
兰州,1983,6,20.13,36.6,夏
兰州,1983,7,21.91,37.4,夏
兰州,1983,8,20.86,101.1,夏
兰州,1983,9,16.77,86.6,秋
兰州,1983,10,10.46,48.7,秋
兰州,1983,11,4.44,5.7,秋
兰州,1983,12,-2.17,1.9,冬
兰州,1984,1,-5.64,2.5,冬
兰州,1984,2,-4.99,12.3,冬
兰州,1984,3,3.31,23.3,春
兰州,1984,4,10.63,33.6,春
兰州,1984,5,16.22,44.4,春
兰州,1984,6,19.88,77.3,夏
兰州,1984,7,21.3,79.6,夏
兰州,1984,8,20.5,129.9,夏
兰州,1984,9,15.37,80.7,秋
兰州,1984,10,9.63,24.6,秋
兰州,1984,11,3.58,0.7,秋
兰州,1984,12,-6.46,5.1,冬
兰州,1985,1,-5.87,1.5,冬
兰州,1985,2,-0.03,0.1,冬
兰州,1985,3,3.17,5.8,春
兰州,1985,4,12.25,32.3,春
兰州,1985,5,16.76,75.7,春
兰州,1985,6,19.41,64.6,夏
兰州,1985,7,21.2,100.5,夏
兰州,1985,8,21.41,111.4,夏
兰州,1985,9,14.62,107.0,秋
兰州,1985,10,9.67,60.8,秋
兰州,1985,11,1.4,5.0,秋
兰州,1985,12,-2.58,1.4,冬
兰州,1986,1,-2.91,0.2,冬
兰州,1986,2,-1.19,6.1,冬
兰州,1986,3,3.25,19.7,春
兰州,1986,4,10.37,16.5,春
兰州,1986,5,17.55,41.7,春
兰州,1986,6,19.08,133.3,夏
兰州,1986,7,21.65,50.6,夏
兰州,1986,8,20.52,96.4,夏
兰州,1986,9,17.35,28.6,秋
兰州,1986,10,10.63,26.6,秋
兰州,1986,11,1.3,8.3,秋
兰州,1986,12,-2.97,7.0,冬
兰州,1987,1,-2.13,0.5,冬
兰州,1987,2,1.31,5.3,冬
兰州,1987,3,5.12,13.1,春
兰州,1987,4,12.01,19.7,春
兰州,1987,5,15.46,57.0,春
兰州,1987,6,19.64,66.9,夏
兰州,1987,7,23.27,52.1,夏
兰州,1987,8,21.85,77.4,夏
兰州,1987,9,17.65,45.0,秋
兰州,1987,10,10.9,30.2,秋
兰州,1987,11,2.9,9.9,秋
兰州,1987,12,-1.99,2.1,冬
兰州,1988,1,-3.57,2.9,冬
兰州,1988,2,-2.55,13.5,冬
兰州,1988,3,1.0,28.4,春
兰州,1988,4,10.81,27.3,春
兰州,1988,5,16.14,86.4,春
兰州,1988,6,20.89,51.0,夏
兰州,1988,7,23.34,83.1,夏
兰州,1988,8,20.64,129.8,夏
兰州,1988,9,16.23,75.1,秋
兰州,1988,10,9.85,40.2,秋
兰州,1988,11,3.9,2.2,秋
兰州,1988,12,-0.53,1.8,冬
兰州,1989,1,-4.8,5.8,冬
兰州,1989,2,-2.86,15.0,冬
兰州,1989,3,2.94,15.7,春
兰州,1989,4,11.1,35.0,春
兰州,1989,5,17.33,33.7,春
兰州,1989,6,20.73,49.4,夏
兰州,1989,7,22.61,69.8,夏
兰州,1989,8,21.17,69.1,夏
兰州,1989,9,17.63,59.9,秋
兰州,1989,10,11.25,56.5,秋
兰州,1989,11,-0.45,21.0,秋
兰州,1989,12,-0.26,6.8,冬
兰州,1990,1,-4.47,7.2,冬
兰州,1990,2,-1.55,5.6,冬
兰州,1990,3,6.41,21.7,春
兰州,1990,4,9.57,55.4,春
兰州,1990,5,16.12,49.4,春
兰州,1990,6,21.69,26.0,夏
兰州,1990,7,23.26,67.7,夏
兰州,1990,8,21.02,103.9,夏
兰州,1990,9,18.24,48.4,秋
兰州,1990,10,11.11,50.1,秋
兰州,1990,11,4.83,8.1,秋
兰州,1990,12,-0.78,0.3,冬
兰州,1991,1,-2.83,8.3,冬
兰州,1991,2,-1.08,10.3,冬
兰州,1991,3,6.11,20.7,春
兰州,1991,4,10.25,34.7,春
兰州,1991,5,16.22,56.5,春
兰州,1991,6,21.26,66.7,夏
兰州,1991,7,24.82,44.6,夏
兰州,1991,8,23.09,38.8,夏
兰州,1991,9,18.43,29.1,秋
兰州,1991,10,10.77,23.9,秋
兰州,1991,11,3.63,3.4,秋
兰州,1991,12,-2.13,3.6,冬
兰州,1992,1,-3.8,0.1,冬
兰州,1992,2,-0.89,3.4,冬
兰州,1992,3,4.82,27.4,春
兰州,1992,4,13.38,10.4,春
兰州,1992,5,16.85,38.0,春
兰州,1992,6,20.0,60.7,夏
兰州,1992,7,21.65,119.5,夏
兰州,1992,8,20.64,128.5,夏
兰州,1992,9,15.56,83.2,秋
兰州,1992,10,8.14,42.7,秋
兰州,1992,11,2.39,9.8,秋
兰州,1992,12,-2.01,4.9,冬
兰州,1993,1,-8.41,10.9,冬
兰州,1993,2,1.04,8.6,冬
兰州,1993,3,6.05,22.1,春
兰州,1993,4,11.9,19.0,春
兰州,1993,5,15.07,53.7,春
兰州,1993,6,20.67,39.8,夏
兰州,1993,7,21.6,119.2,夏
兰州,1993,8,19.63,88.4,夏
兰州,1993,9,16.67,62.2,秋
兰州,1993,10,9.53,36.0,秋
兰州,1993,11,1.79,8.4,秋
兰州,1993,12,-3.4,1.6,冬
兰州,1994,1,-3.93,5.4,冬
兰州,1994,2,0.07,5.6,冬
兰州,1994,3,3.95,18.4,春
兰州,1994,4,12.43,36.7,春
兰州,1994,5,18.41,9.3,春
兰州,1994,6,19.72,121.5,夏
兰州,1994,7,22.44,109.4,夏
兰州,1994,8,21.48,107.8,夏
兰州,1994,9,16.47,43.7,秋
兰州,1994,10,7.57,64.1,秋
兰州,1994,11,6.25,7.7,秋
兰州,1994,12,-2.08,5.9,冬
兰州,1995,1,-5.91,4.9,冬
兰州,1995,2,-1.15,4.1,冬
兰州,1995,3,4.2,17.9,春
兰州,1995,4,10.36,10.4,春
兰州,1995,5,18.01,18.0,春
兰州,1995,6,22.24,45.0,夏
兰州,1995,7,21.85,166.4,夏
兰州,1995,8,20.26,128.6,夏
兰州,1995,9,16.33,65.8,秋
兰州,1995,10,10.2,40.7,秋
兰州,1995,11,3.5,2.5,秋
兰州,1995,12,-2.03,1.5,冬
兰州,1996,1,-4.89,9.3,冬
兰州,1996,2,-2.46,11.1,冬
兰州,1996,3,2.94,31.3,春
兰州,1996,4,8.9,32.3,春
兰州,1996,5,16.45,27.2,春
兰州,1996,6,19.96,78.2,夏
兰州,1996,7,22.32,111.6,夏
兰州,1996,8,21.14,93.9,夏
兰州,1996,9,17.35,52.5,秋
兰州,1996,10,10.95,45.8,秋
兰州,1996,11,2.02,14.6,秋
兰州,1996,12,-1.75,2.5,冬
兰州,1997,1,-3.15,3.4,冬
兰州,1997,2,0.29,2.6,冬
兰州,1997,3,7.26,21.1,春
兰州,1997,4,11.38,33.6,春
兰州,1997,5,18.55,37.4,春
兰州,1997,6,21.52,32.0,夏
兰州,1997,7,22.24,136.2,夏
兰州,1997,8,21.54,100.0,夏
兰州,1997,9,16.61,35.5,秋
兰州,1997,10,11.69,8.7,秋
兰州,1997,11,2.64,13.3,秋
兰州,1997,12,-2.13,0.0,冬
兰州,1998,1,-5.26,5.7,冬
兰州,1998,2,1.45,4.3,冬
兰州,1998,3,5.04,11.3,春
兰州,1998,4,15.19,31.5,春
兰州,1998,5,17.05,54.7,春
兰州,1998,6,22.74,34.6,夏
兰州,1998,7,22.83,111.3,夏
兰州,1998,8,20.65,149.9,夏
兰州,1998,9,18.27,62.0,秋
兰州,1998,10,10.81,49.5,秋
兰州,1998,11,5.82,1.5,秋
兰州,1998,12,-0.27,0.3,冬
兰州,1999,1,-3.72,6.2,冬
兰州,1999,2,1.15,1.3,冬
兰州,1999,3,5.66,3.2,春
兰州,1999,4,13.12,33.3,春
兰州,1999,5,16.46,57.7,春
兰州,1999,6,20.29,89.4,夏
兰州,1999,7,21.65,176.4,夏
兰州,1999,8,22.2,60.8,夏
兰州,1999,9,18.58,53.4,秋
兰州,1999,10,10.77,46.0,秋
兰州,1999,11,3.54,7.7,秋
兰州,1999,12,-1.81,0.9,冬
兰州,2000,1,-4.23,4.6,冬
兰州,2000,2,-1.89,11.6,冬
兰州,2000,3,6.05,9.8,春
兰州,2000,4,12.28,6.9,春
兰州,2000,5,19.54,22.0,春
兰州,2000,6,20.11,106.5,夏
兰州,2000,7,26.42,14.6,夏
兰州,2000,8,20.93,122.1,夏
兰州,2000,9,16.22,91.0,秋
兰州,2000,10,9.29,62.7,秋
兰州,2000,11,1.56,6.0,秋
兰州,2000,12,-0.76,1.6,冬
兰州,2001,1,-2.73,7.6,冬
兰州,2001,2,0.16,10.9,冬
兰州,2001,3,5.82,1.7,春
兰州,2001,4,10.45,52.0,春
兰州,2001,5,17.31,7.6,春
兰州,2001,6,22.31,48.4,夏
兰州,2001,7,23.83,64.4,夏
兰州,2001,8,22.29,76.6,夏
兰州,2001,9,16.14,108.5,秋
兰州,2001,10,11.57,41.0,秋
兰州,2001,11,4.58,4.4,秋
兰州,2001,12,-3.45,2.1,冬
兰州,2002,1,-1.58,5.9,冬
兰州,2002,2,1.35,6.8,冬
兰州,2002,3,6.52,17.4,春
兰州,2002,4,11.54,26.1,春
兰州,2002,5,15.14,106.5,春
兰州,2002,6,21.89,85.3,夏
兰州,2002,7,23.86,39.2,夏
兰州,2002,8,22.86,58.3,夏
兰州,2002,9,16.3,56.6,秋
兰州,2002,10,11.36,26.0,秋
兰州,2002,11,4.12,6.4,秋
兰州,2002,12,-2.86,2.1,冬
兰州,2003,1,-2.28,6.2,冬
兰州,2003,2,1.17,3.0,冬
兰州,2003,3,5.84,22.8,春
兰州,2003,4,11.56,30.2,春
兰州,2003,5,16.68,69.2,春
兰州,2003,6,21.75,59.6,夏
兰州,2003,7,22.98,54.7,夏
兰州,2003,8,21.33,114.0,夏
兰州,2003,9,17.1,80.6,秋
兰州,2003,10,9.76,62.4,秋
兰州,2003,11,2.33,12.8,秋
兰州,2003,12,-1.73,1.4,冬
兰州,2004,1,-4.01,3.2,冬
兰州,2004,2,0.76,6.1,冬
兰州,2004,3,5.91,13.1,春
兰州,2004,4,14.61,6.2,春
兰州,2004,5,16.65,69.5,春
兰州,2004,6,20.83,38.9,夏
兰州,2004,7,23.32,71.5,夏
兰州,2004,8,21.5,88.1,夏
兰州,2004,9,16.73,71.6,秋
兰州,2004,10,10.23,17.3,秋
兰州,2004,11,3.31,3.8,秋
兰州,2004,12,-0.87,3.2,冬
兰州,2005,1,-4.19,3.2,冬
兰州,2005,2,-1.32,10.1,冬
兰州,2005,3,5.49,16.6,春
兰州,2005,4,13.23,10.6,春
兰州,2005,5,17.66,64.2,春
兰州,2005,6,23.51,27.3,夏
兰州,2005,7,22.53,137.3,夏
兰州,2005,8,21.15,69.9,夏
兰州,2005,9,18.13,86.7,秋
兰州,2005,10,9.72,70.4,秋
兰州,2005,11,3.99,7.6,秋
兰州,2005,12,-4.03,1.2,冬
兰州,2006,1,-4.05,7.6,冬
兰州,2006,2,0.6,18.2,冬
兰州,2006,3,5.95,6.6,春
兰州,2006,4,12.52,14.3,春
兰州,2006,5,17.45,49.2,春
兰州,2006,6,22.92,46.1,夏
兰州,2006,7,25.78,78.5,夏
兰州,2006,8,23.79,98.6,夏
兰州,2006,9,16.49,47.9,秋
兰州,2006,10,13.49,24.2,秋
兰州,2006,11,5.71,8.6,秋
兰州,2006,12,-1.87,7.9,冬
兰州,2007,1,-2.95,1.0,冬
兰州,2007,2,3.66,0.9,冬
兰州,2007,3,5.85,21.7,春
兰州,2007,4,11.43,33.3,春
兰州,2007,5,19.7,33.7,春
兰州,2007,6,20.59,120.4,夏
兰州,2007,7,22.58,72.1,夏
兰州,2007,8,22.63,90.6,夏
兰州,2007,9,15.82,117.5,秋
兰州,2007,10,8.98,104.9,秋
兰州,2007,11,4.24,5.4,秋
兰州,2007,12,-1.92,2.8,冬
兰州,2008,1,-7.2,8.4,冬
兰州,2008,2,-6.12,1.1,冬
兰州,2008,3,7.39,11.8,春
兰州,2008,4,12.55,19.0,春
兰州,2008,5,18.64,21.5,春
兰州,2008,6,21.87,30.5,夏
兰州,2008,7,23.85,38.2,夏
兰州,2008,8,20.81,113.0,夏
兰州,2008,9,16.69,94.9,秋
兰州,2008,10,11.25,39.5,秋
兰州,2008,11,3.82,7.8,秋
兰州,2008,12,-2.12,0.2,冬
兰州,2009,1,-2.95,3.4,冬
兰州,2009,2,2.0,11.6,冬
兰州,2009,3,6.27,15.6,春
兰州,2009,4,14.08,18.9,春
兰州,2009,5,16.95,21.5,春
兰州,2009,6,22.9,29.1,夏
兰州,2009,7,23.9,54.6,夏
兰州,2009,8,20.48,136.2,夏
兰州,2009,9,16.61,46.2,秋
兰州,2009,10,12.02,21.2,秋
兰州,2009,11,2.08,25.8,秋
兰州,2009,12,-2.5,2.8,冬
兰州,2010,1,-2.46,0.1,冬
兰州,2010,2,0.37,4.8,冬
兰州,2010,3,4.73,15.9,春
兰州,2010,4,9.83,34.8,春
兰州,2010,5,16.31,73.2,春
兰州,2010,6,21.13,44.5,夏
兰州,2010,7,24.27,50.1,夏
兰州,2010,8,22.63,66.6,夏
兰州,2010,9,17.79,67.9,秋
兰州,2010,10,10.68,33.9,秋
兰州,2010,11,4.21,2.2,秋
兰州,2010,12,-2.95,1.8,冬
兰州,2011,1,-9.47,6.4,冬
兰州,2011,2,0.39,5.0,冬
兰州,2011,3,1.86,7.2,春
兰州,2011,4,13.44,4.7,春
兰州,2011,5,17.0,22.0,春
兰州,2011,6,22.95,45.3,夏
兰州,2011,7,23.89,64.1,夏
兰州,2011,8,23.17,74.7,夏
兰州,2011,9,15.72,88.5,秋
兰州,2011,10,11.18,37.6,秋
兰州,2011,11,4.85,24.1,秋
兰州,2011,12,-2.83,2.7,冬
兰州,2012,1,-6.05,7.2,冬
兰州,2012,2,-3.61,7.0,冬
兰州,2012,3,5.07,9.7,春
兰州,2012,4,13.01,16.2,春
兰州,2012,5,17.41,36.7,春
兰州,2012,6,22.88,35.6,夏
兰州,2012,7,22.72,114.7,夏
兰州,2012,8,22.49,77.0,夏
兰州,2012,9,16.39,68.5,秋
兰州,2012,10,11.29,23.4,秋
兰州,2012,11,1.27,8.9,秋
兰州,2012,12,-3.53,1.0,冬
兰州,2013,1,-3.64,3.1,冬
兰州,2013,2,-0.44,10.7,冬
兰州,2013,3,9.43,8.0,春
兰州,2013,4,13.54,12.6,春
兰州,2013,5,18.38,44.2,春
兰州,2013,6,22.06,70.1,夏
兰州,2013,7,22.26,147.4,夏
兰州,2013,8,22.86,104.4,夏
兰州,2013,9,17.09,78.9,秋
兰州,2013,10,12.71,20.1,秋
兰州,2013,11,3.53,8.3,秋
兰州,2013,12,-1.27,0.4,冬
兰州,2014,1,-0.97,1.1,冬
兰州,2014,2,-1.95,9.7,冬
兰州,2014,3,6.9,10.4,春
兰州,2014,4,11.82,79.3,春
兰州,2014,5,16.83,24.3,春
兰州,2014,6,21.04,79.1,夏
兰州,2014,7,23.53,53.5,夏
兰州,2014,8,20.96,84.4,夏
兰州,2014,9,17.18,112.3,秋
兰州,2014,10,11.39,45.9,秋
兰州,2014,11,2.99,6.3,秋
兰州,2014,12,-2.75,1.2,冬
兰州,2015,1,-1.0,5.9,冬
兰州,2015,2,0.21,5.1,冬
兰州,2015,3,6.74,17.8,春
兰州,2015,4,12.79,32.5,春
兰州,2015,5,17.9,35.3,春
兰州,2015,6,21.49,38.0,夏
兰州,2015,7,23.64,47.5,夏
兰州,2015,8,22.78,49.0,夏
兰州,2015,9,16.99,92.3,秋
兰州,2015,10,11.55,21.0,秋
兰州,2015,11,4.65,14.7,秋
兰州,2015,12,-3.03,8.1,冬
兰州,2016,1,-5.25,0.9,冬
兰州,2016,2,-1.17,5.7,冬
兰州,2016,3,6.77,18.8,春
兰州,2016,4,13.27,20.2,春
兰州,2016,5,16.24,47.5,春
兰州,2016,6,22.64,22.2,夏
兰州,2016,7,24.12,88.9,夏
兰州,2016,8,24.64,46.7,夏
兰州,2016,9,18.16,47.1,秋
兰州,2016,10,11.0,57.6,秋
兰州,2016,11,3.77,0.9,秋
兰州,2016,12,0.33,1.7,冬
兰州,2017,1,-2.82,1.4,冬
兰州,2017,2,0.79,8.5,冬
兰州,2017,3,4.14,17.0,春
兰州,2017,4,12.28,13.3,春
兰州,2017,5,17.66,19.8,春
兰州,2017,6,21.43,36.7,夏
兰州,2017,7,25.58,42.8,夏
兰州,2017,8,20.75,126.0,夏
兰州,2017,9,17.84,46.8,秋
兰州,2017,10,10.31,46.3,秋
兰州,2017,11,4.32,0.8,秋
兰州,2017,12,-2.34,0.9,冬
兰州,2018,1,-5.25,5.0,冬
兰州,2018,2,-2.07,3.2,冬
兰州,2018,3,9.82,4.3,春
兰州,2018,4,12.89,39.9,春
兰州,2018,5,17.88,45.8,春
兰州,2018,6,22.8,15.6,夏
兰州,2018,7,23.02,99.1,夏
兰州,2018,8,22.57,124.9,夏
兰州,2018,9,16.05,75.3,秋
兰州,2018,10,10.75,8.9,秋
兰州,2018,11,3.23,11.9,秋
兰州,2018,12,-4.79,3.5,冬
兰州,2019,1,-4.62,3.2,冬
兰州,2019,2,-0.58,7.4,冬
兰州,2019,3,6.57,2.3,春
兰州,2019,4,15.38,23.5,春
兰州,2019,5,15.89,58.4,春
兰州,2019,6,20.59,72.4,夏
兰州,2019,7,22.35,56.2,夏
兰州,2019,8,21.97,66.1,夏
兰州,2019,9,17.61,32.0,秋
兰州,2019,10,10.7,44.0,秋
兰州,2019,11,3.64,11.7,秋
兰州,2019,12,-1.66,0.1,冬
兰州,2020,1,-2.34,5.1,冬
兰州,2020,2,1.27,0.7,冬
兰州,2020,3,6.8,12.5,春
兰州,2020,4,12.15,4.5,春
兰州,2020,5,17.62,40.8,春
兰州,2020,6,21.69,58.2,夏
兰州,2020,7,22.46,83.4,夏
兰州,2020,8,20.9,104.1,夏
兰州,2020,9,16.92,45.0,秋
兰州,2020,10,10.63,17.4,秋
兰州,2020,11,4.16,9.2,秋
兰州,2020,12,-3.98,3.6,冬
兰州,2021,1,-4.14,3.2,冬
兰州,2021,2,3.21,3.9,冬
兰州,2021,3,8.33,10.6,春
兰州,2021,4,10.78,52.5,春
兰州,2021,5,17.86,29.7,春
兰州,2021,6,21.82,27.0,夏
兰州,2021,7,25.12,20.4,夏
兰州,2021,8,22.69,32.5,夏
兰州,2021,9,18.98,60.0,秋
兰州,2021,10,10.31,47.6,秋
兰州,2021,11,1.83,4.6,秋
兰州,2021,12,-1.83,0.2,冬
兰州,2022,1,-2.36,1.0,冬
兰州,2022,2,-2.0,9.3,冬
兰州,2022,3,9.51,1.8,春
兰州,2022,4,13.61,12.6,春
兰州,2022,5,18.31,13.3,春
兰州,2022,6,23.64,25.6,夏
兰州,2022,7,24.17,75.7,夏
兰州,2022,8,23.82,67.2,夏
兰州,2022,9,18.21,28.1,秋
兰州,2022,10,12.23,30.8,秋
兰州,2022,11,4.75,1.5,秋
兰州,2022,12,-4.14,1.1,冬
兰州,2023,1,-4.75,1.3,冬
兰州,2023,2,-0.1,16.8,冬
兰州,2023,3,8.23,2.4,春
兰州,2023,4,11.36,15.0,春
兰州,2023,5,17.51,30.8,春
兰州,2023,6,22.31,15.6,夏
兰州,2023,7,24.11,52.1,夏
兰州,2023,8,23.9,25.3,夏
兰州,2023,9,19.52,68.6,秋
兰州,2023,10,11.77,84.4,秋
兰州,2023,11,3.36,4.7,秋
兰州,2023,12,-2.21,1.6,冬
兰州,2024,1,-3.0,1.5,冬
兰州,2024,2,-1.25,11.8,冬
兰州,2024,3,6.93,15.2,春
兰州,2024,4,13.75,28.8,春
兰州,2024,5,20.1,33.7,春
兰州,2024,6,21.92,40.6,夏
兰州,2024,7,24.71,9.7,夏
兰州,2024,8,24.53,34.3,夏
兰州,2024,9,18.93,96.9,秋
兰州,2024,10,11.7,29.9,秋
兰州,2024,11,5.06,8.6,秋
兰州,2024,12,-4.16,5.9,冬
兰州,2025,1,-3.69,8.5,冬
兰州,2025,2,-0.88,3.6,冬
兰州,2025,3,3.74,7.7,春
兰州,2025,4,13.16,7.6,春
兰州,2025,5,18.32,46.6,春
兰州,2025,6,21.62,49.4,夏
兰州,2025,7,24.15,75.9,夏
兰州,2025,8,21.4,108.3,夏
兰州,2025,9,17.87,71.9,秋
兰州,2025,10,10.55,74.0,秋
兰州,2025,11,3.36,7.8,秋
兰州,2025,12,-1.65,1.3,冬
西安,1960,1,1.03,12.9,冬
西安,1960,2,5.76,7.8,冬
西安,1960,3,10.0,60.2,春
西安,1960,4,13.34,56.5,春
西安,1960,5,18.48,63.3,春
西安,1960,6,26.77,40.6,夏
西安,1960,7,27.18,107.9,夏
西安,1960,8,23.22,162.7,夏
西安,1960,9,20.05,108.4,秋
西安,1960,10,12.94,91.0,秋
西安,1960,11,6.55,40.6,秋
西安,1960,12,0.89,9.3,冬
西安,1961,1,-0.29,11.3,冬
西安,1961,2,3.82,15.1,冬
西安,1961,3,8.37,82.4,春
西安,1961,4,16.14,76.7,春
西安,1961,5,19.74,65.5,春
西安,1961,6,23.77,276.3,夏
西安,1961,7,25.78,315.8,夏
西安,1961,8,25.14,191.0,夏
西安,1961,9,20.22,82.4,秋
西安,1961,10,12.72,200.4,秋
西安,1961,11,8.32,65.2,秋
西安,1961,12,1.88,11.8,冬
西安,1962,1,-1.33,21.4,冬
西安,1962,2,3.93,25.2,冬
西安,1962,3,8.86,1.8,春
西安,1962,4,13.83,38.2,春
西安,1962,5,20.79,31.3,春
西安,1962,6,26.22,9.6,夏
西安,1962,7,25.9,302.2,夏
西安,1962,8,23.62,283.5,夏
西安,1962,9,19.33,106.2,秋
西安,1962,10,13.63,74.0,秋
西安,1962,11,5.47,97.4,秋
西安,1962,12,1.98,10.2,冬
西安,1963,1,-0.96,0.0,冬
西安,1963,2,2.34,3.0,冬
西安,1963,3,8.63,23.0,春
西安,1963,4,12.19,116.9,春
西安,1963,5,18.02,195.0,春
西安,1963,6,23.86,80.9,夏
西安,1963,7,25.2,280.5,夏
西安,1963,8,25.02,281.5,夏
西安,1963,9,18.96,228.6,秋
西安,1963,10,14.16,64.5,秋
西安,1963,11,8.08,75.0,秋
西安,1963,12,1.44,19.5,冬
西安,1964,1,0.44,26.5,冬
西安,1964,2,-1.56,22.1,冬
西安,1964,3,8.46,63.4,春
西安,1964,4,14.89,94.2,春
西安,1964,5,17.83,161.8,春
西安,1964,6,22.69,79.5,夏
西安,1964,7,24.57,205.1,夏
西安,1964,8,25.21,165.7,夏
西安,1964,9,18.42,274.0,秋
西安,1964,10,14.45,168.1,秋
西安,1964,11,7.9,44.9,秋
西安,1964,12,1.23,19.0,冬
西安,1965,1,2.22,12.3,冬
西安,1965,2,3.12,19.4,冬
西安,1965,3,7.01,30.8,春
西安,1965,4,13.28,119.6,春
西安,1965,5,19.15,107.6,春
西安,1965,6,22.91,172.5,夏
西安,1965,7,24.34,401.3,夏
西安,1965,8,23.34,196.9,夏
西安,1965,9,19.68,118.3,秋
西安,1965,10,14.71,87.3,秋
西安,1965,11,8.61,13.4,秋
西安,1965,12,0.71,11.1,冬
西安,1966,1,1.81,9.2,冬
西安,1966,2,5.69,24.5,冬
西安,1966,3,9.06,68.7,春
西安,1966,4,14.21,70.5,春
西安,1966,5,18.79,93.5,春
西安,1966,6,25.02,75.0,夏
西安,1966,7,25.58,254.8,夏
西安,1966,8,25.22,158.2,夏
西安,1966,9,18.25,140.3,秋
西安,1966,10,13.74,92.8,秋
西安,1966,11,6.95,44.4,秋
西安,1966,12,0.68,4.6,冬
西安,1967,1,-1.15,12.6,冬
西安,1967,2,1.4,18.4,冬
西安,1967,3,8.22,59.1,春
西安,1967,4,12.85,74.1,春
西安,1967,5,19.56,116.0,春
西安,1967,6,24.08,113.3,夏
西安,1967,7,25.11,149.7,夏
西安,1967,8,27.5,68.4,夏
西安,1967,9,18.82,198.8,秋
西安,1967,10,14.38,37.5,秋
西安,1967,11,4.55,80.6,秋
西安,1967,12,-1.91,2.4,冬
西安,1968,1,-1.14,26.1,冬
西安,1968,2,-0.74,6.5,冬
西安,1968,3,9.5,29.2,春
西安,1968,4,13.95,64.9,春
西安,1968,5,18.76,96.9,春
西安,1968,6,25.69,41.8,夏
西安,1968,7,26.56,107.5,夏
西安,1968,8,23.93,241.1,夏
西安,1968,9,18.75,356.5,秋
西安,1968,10,13.19,139.5,秋
西安,1968,11,8.4,53.1,秋
西安,1968,12,3.77,16.8,冬
西安,1969,1,-1.63,27.2,冬
西安,1969,2,-1.89,22.2,冬
西安,1969,3,8.54,29.1,春
西安,1969,4,13.73,166.2,春
西安,1969,5,21.17,23.5,春
西安,1969,6,24.49,26.5,夏
西安,1969,7,26.14,156.6,夏
西安,1969,8,26.65,32.6,夏
西安,1969,9,19.12,241.0,秋
西安,1969,10,15.54,40.9,秋
西安,1969,11,5.18,40.7,秋
西安,1969,12,0.45,0.4,冬
西安,1970,1,0.04,4.2,冬
西安,1970,2,4.16,16.9,冬
西安,1970,3,5.84,45.6,春
西安,1970,4,12.93,91.7,春
西安,1970,5,19.75,180.8,春
西安,1970,6,22.16,55.3,夏
西安,1970,7,26.88,186.1,夏
西安,1970,8,25.65,115.3,夏
西安,1970,9,19.12,132.1,秋
西安,1970,10,13.33,64.6,秋
西安,1970,11,6.79,20.0,秋
西安,1970,12,1.96,5.5,冬
西安,1971,1,-0.58,15.1,冬
西安,1971,2,2.44,11.3,冬
西安,1971,3,8.55,17.3,春
西安,1971,4,13.53,90.4,春
西安,1971,5,20.01,63.2,春
西安,1971,6,22.06,124.7,夏
西安,1971,7,27.85,138.1,夏
西安,1971,8,25.7,150.5,夏
西安,1971,9,19.75,66.8,秋
西安,1971,10,14.28,75.8,秋
西安,1971,11,7.41,86.4,秋
西安,1971,12,1.36,5.2,冬
西安,1972,1,0.97,18.3,冬
西安,1972,2,-1.4,29.4,冬
西安,1972,3,8.76,43.3,春
西安,1972,4,14.38,37.1,春
西安,1972,5,20.11,57.2,春
西安,1972,6,25.42,118.4,夏
西安,1972,7,24.38,230.3,夏
西安,1972,8,25.78,121.2,夏
西安,1972,9,19.17,87.7,秋
西安,1972,10,14.55,52.0,秋
西安,1972,11,8.38,50.7,秋
西安,1972,12,1.86,8.2,冬
西安,1973,1,0.14,24.5,冬
西安,1973,2,4.81,19.0,冬
西安,1973,3,9.95,25.9,春
西安,1973,4,15.65,108.6,春
西安,1973,5,18.78,86.2,春
西安,1973,6,24.44,40.1,夏
西安,1973,7,26.37,134.6,夏
西安,1973,8,26.69,78.8,夏
西安,1973,9,19.55,150.1,秋
西安,1973,10,12.81,122.0,秋
西安,1973,11,8.54,5.2,秋
西安,1973,12,2.16,0.0,冬
西安,1974,1,-0.15,18.2,冬
西安,1974,2,0.46,21.0,冬
西安,1974,3,6.46,68.6,春
西安,1974,4,15.72,75.3,春
西安,1974,5,19.46,144.8,春
西安,1974,6,23.14,169.8,夏
西安,1974,7,27.01,64.7,夏
西安,1974,8,24.59,89.8,夏
西安,1974,9,18.77,250.8,秋
西安,1974,10,12.48,106.9,秋
西安,1974,11,8.25,62.0,秋
西安,1974,12,-0.66,39.0,冬
西安,1975,1,0.55,10.4,冬
西安,1975,2,3.52,12.4,冬
西安,1975,3,8.94,23.1,春
西安,1975,4,13.68,98.1,春
西安,1975,5,17.8,56.3,春
西安,1975,6,23.86,100.3,夏
西安,1975,7,25.46,232.7,夏
西安,1975,8,26.53,70.5,夏
西安,1975,9,19.17,322.1,秋
西安,1975,10,13.98,113.8,秋
西安,1975,11,6.61,35.6,秋
西安,1975,12,-3.05,39.5,冬
西安,1976,1,0.12,1.5,冬
西安,1976,2,3.94,45.9,冬
西安,1976,3,6.42,21.7,春
西安,1976,4,12.85,109.1,春
西安,1976,5,18.84,44.4,春
西安,1976,6,23.18,43.0,夏
西安,1976,7,25.76,71.8,夏
西安,1976,8,22.72,291.0,夏
西安,1976,9,19.36,67.7,秋
西安,1976,10,14.39,83.9,秋
西安,1976,11,4.0,38.6,秋
西安,1976,12,0.39,19.5,冬
西安,1977,1,-2.57,21.3,冬
西安,1977,2,1.19,1.8,冬
西安,1977,3,9.69,27.2,春
西安,1977,4,14.83,162.2,春
西安,1977,5,18.29,86.7,春
西安,1977,6,24.38,21.1,夏
西安,1977,7,25.65,202.8,夏
西安,1977,8,25.64,30.5,夏
西安,1977,9,21.42,49.9,秋
西安,1977,10,16.28,59.8,秋
西安,1977,11,7.31,41.3,秋
西安,1977,12,3.44,23.9,冬
西安,1978,1,0.02,4.9,冬
西安,1978,2,0.56,24.7,冬
西安,1978,3,7.98,56.5,春
西安,1978,4,15.95,28.0,春
西安,1978,5,20.75,96.7,春
西安,1978,6,24.55,32.2,夏
西安,1978,7,25.13,232.9,夏
西安,1978,8,26.88,36.1,夏
西安,1978,9,19.91,96.5,秋
西安,1978,10,14.06,76.2,秋
西安,1978,11,7.87,34.1,秋
西安,1978,12,2.89,2.7,冬
西安,1979,1,1.06,23.3,冬
西安,1979,2,5.49,21.9,冬
西安,1979,3,8.27,41.7,春
西安,1979,4,14.5,54.5,春
西安,1979,5,17.72,54.0,春
西安,1979,6,24.46,103.1,夏
西安,1979,7,24.93,256.3,夏
西安,1979,8,25.32,97.1,夏
西安,1979,9,19.02,108.2,秋
西安,1979,10,15.21,35.3,秋
西安,1979,11,5.07,24.8,秋
西安,1979,12,4.06,5.1,冬
西安,1980,1,0.26,11.6,冬
西安,1980,2,1.33,4.7,冬
西安,1980,3,6.31,45.7,春
西安,1980,4,13.87,54.0,春
西安,1980,5,18.92,131.6,春
西安,1980,6,23.12,90.3,夏
西安,1980,7,24.03,160.3,夏
西安,1980,8,23.85,172.0,夏
西安,1980,9,18.98,108.2,秋
西安,1980,10,14.36,103.5,秋
西安,1980,11,9.52,38.6,秋
西安,1980,12,1.96,7.4,冬
西安,1981,1,-0.97,16.2,冬
西安,1981,2,2.99,22.5,冬
西安,1981,3,10.33,24.6,春
西安,1981,4,14.77,52.3,春
西安,1981,5,20.5,28.4,春
西安,1981,6,25.61,59.1,夏
西安,1981,7,25.75,263.1,夏
西安,1981,8,24.36,387.9,夏
西安,1981,9,18.62,212.3,秋
西安,1981,10,11.24,65.5,秋
西安,1981,11,5.76,55.5,秋
西安,1981,12,0.29,13.5,冬
西安,1982,1,1.44,4.5,冬
西安,1982,2,3.35,19.5,冬
西安,1982,3,8.01,50.5,春
西安,1982,4,13.74,59.5,春
西安,1982,5,20.55,21.6,春
西安,1982,6,25.0,26.5,夏
西安,1982,7,25.29,281.7,夏
西安,1982,8,23.0,203.7,夏
西安,1982,9,18.38,129.5,秋
西安,1982,10,15.56,92.3,秋
西安,1982,11,6.85,42.3,秋
西安,1982,12,1.07,7.7,冬
西安,1983,1,-0.38,10.5,冬
西安,1983,2,2.45,7.0,冬
西安,1983,3,7.67,32.8,春
西安,1983,4,14.31,74.6,春
西安,1983,5,19.17,117.9,春
西安,1983,6,22.23,158.3,夏
西安,1983,7,24.04,204.7,夏
西安,1983,8,23.2,194.0,夏
西安,1983,9,19.46,208.7,秋
西安,1983,10,13.57,207.0,秋
西安,1983,11,8.36,34.7,秋
西安,1983,12,2.05,4.2,冬
西安,1984,1,-1.16,7.8,冬
西安,1984,2,0.91,4.9,冬
西安,1984,3,8.62,10.8,春
西安,1984,4,15.19,48.4,春
西安,1984,5,19.56,122.0,春
西安,1984,6,22.53,168.5,夏
西安,1984,7,23.37,301.0,夏
西安,1984,8,24.7,70.8,夏
西安,1984,9,17.92,295.7,秋
西安,1984,10,12.99,66.1,秋
西安,1984,11,7.77,43.9,秋
西安,1984,12,-0.72,32.5,冬
西安,1985,1,0.28,18.9,冬
西安,1985,2,2.98,12.8,冬
西安,1985,3,6.2,24.2,春
西安,1985,4,15.15,52.6,春
西安,1985,5,19.38,164.6,春
西安,1985,6,23.1,58.7,夏
西安,1985,7,26.05,85.9,夏
西安,1985,8,26.05,74.2,夏
西安,1985,9,17.75,161.7,秋
西安,1985,10,13.34,125.2,秋
西安,1985,11,6.61,18.9,秋
西安,1985,12,0.9,8.5,冬
西安,1986,1,1.38,10.8,冬
西安,1986,2,2.34,4.7,冬
西安,1986,3,8.05,32.9,春
西安,1986,4,14.38,36.9,春
西安,1986,5,20.44,76.4,春
西安,1986,6,23.36,105.8,夏
西安,1986,7,25.05,166.6,夏
西安,1986,8,24.63,102.9,夏
西安,1986,9,19.78,119.0,秋
西安,1986,10,13.07,69.8,秋
西安,1986,11,6.1,27.6,秋
西安,1986,12,2.52,14.3,冬
西安,1987,1,2.45,4.1,冬
西安,1987,2,4.96,21.1,冬
西安,1987,3,7.07,54.5,春
西安,1987,4,14.76,69.1,春
西安,1987,5,18.75,152.0,春
西安,1987,6,21.67,128.4,夏
西安,1987,7,25.44,79.5,夏
西安,1987,8,24.57,252.7,夏
西安,1987,9,21.3,60.2,秋
西安,1987,10,15.62,111.5,秋
西安,1987,11,7.23,84.5,秋
西安,1987,12,2.22,0.1,冬
西安,1988,1,0.97,13.9,冬
西安,1988,2,1.72,26.2,冬
西安,1988,3,4.92,64.4,春
西安,1988,4,13.77,52.9,春
西安,1988,5,20.1,117.1,春
西安,1988,6,24.96,22.9,夏
西安,1988,7,24.72,236.0,夏
西安,1988,8,23.67,209.1,夏
西安,1988,9,20.0,76.7,秋
西安,1988,10,13.79,113.0,秋
西安,1988,11,8.26,7.7,秋
西安,1988,12,2.78,17.2,冬
西安,1989,1,-0.6,48.1,冬
西安,1989,2,1.88,29.1,冬
西安,1989,3,7.11,36.0,春
西安,1989,4,14.06,83.0,春
西安,1989,5,19.01,59.9,春
西安,1989,6,23.1,110.4,夏
西安,1989,7,25.13,231.3,夏
西安,1989,8,23.48,241.4,夏
西安,1989,9,20.04,123.2,秋
西安,1989,10,15.13,28.8,秋
西安,1989,11,6.68,50.3,秋
西安,1989,12,3.57,38.0,冬
西安,1990,1,0.72,20.8,冬
西安,1990,2,2.09,44.5,冬
西安,1990,3,8.59,52.3,春
西安,1990,4,12.93,87.0,春
西安,1990,5,18.77,76.2,春
西安,1990,6,23.4,160.7,夏
西安,1990,7,26.17,137.8,夏
西安,1990,8,24.96,142.8,夏
西安,1990,9,21.13,103.8,秋
西安,1990,10,14.93,90.7,秋
西安,1990,11,9.63,69.6,秋
西安,1990,12,1.79,3.0,冬
西安,1991,1,1.72,15.3,冬
西安,1991,2,4.34,14.9,冬
西安,1991,3,8.51,65.8,春
西安,1991,4,14.32,46.7,春
西安,1991,5,18.35,78.8,春
西安,1991,6,23.6,114.9,夏
西安,1991,7,27.93,81.3,夏
西安,1991,8,24.59,166.2,夏
西安,1991,9,20.55,90.8,秋
西安,1991,10,14.25,32.1,秋
西安,1991,11,7.35,32.7,秋
西安,1991,12,2.04,29.6,冬
西安,1992,1,0.81,0.2,冬
西安,1992,2,3.9,1.7,冬
西安,1992,3,7.42,64.4,春
西安,1992,4,16.09,50.0,春
西安,1992,5,19.96,85.1,春
西安,1992,6,22.58,97.0,夏
西安,1992,7,25.6,158.0,夏
西安,1992,8,24.77,261.8,夏
西安,1992,9,18.29,189.6,秋
西安,1992,10,12.06,92.3,秋
西安,1992,11,6.98,22.9,秋
西安,1992,12,1.96,16.4,冬
西安,1993,1,-0.68,17.8,冬
西安,1993,2,4.69,28.3,冬
西安,1993,3,7.97,36.4,春
西安,1993,4,14.18,82.4,春
西安,1993,5,17.16,86.5,春
西安,1993,6,22.93,151.1,夏
西安,1993,7,24.46,160.1,夏
西安,1993,8,23.03,158.0,夏
西安,1993,9,19.97,88.3,秋
西安,1993,10,13.46,85.2,秋
西安,1993,11,6.21,84.9,秋
西安,1993,12,0.94,4.0,冬
西安,1994,1,0.75,11.0,冬
西安,1994,2,2.92,17.8,冬
西安,1994,3,7.0,51.6,春
西安,1994,4,14.46,83.3,春
西安,1994,5,21.87,6.7,春
西安,1994,6,23.62,166.0,夏
西安,1994,7,25.93,197.7,夏
西安,1994,8,27.2,50.1,夏
西安,1994,9,19.43,64.2,秋
西安,1994,10,12.9,125.8,秋
西安,1994,11,9.21,114.8,秋
西安,1994,12,3.15,34.5,冬
西安,1995,1,0.38,4.6,冬
西安,1995,2,3.61,5.6,冬
西安,1995,3,8.58,35.6,春
西安,1995,4,14.25,31.6,春
西安,1995,5,20.68,68.5,春
西安,1995,6,26.23,24.2,夏
西安,1995,7,27.81,180.2,夏
西安,1995,8,25.26,112.1,夏
西安,1995,9,21.17,45.4,秋
西安,1995,10,14.59,92.8,秋
西安,1995,11,7.91,19.0,秋
西安,1995,12,1.88,11.8,冬
西安,1996,1,0.32,15.3,冬
西安,1996,2,2.38,19.4,冬
西安,1996,3,7.17,37.0,春
西安,1996,4,13.33,24.3,春
西安,1996,5,19.45,58.1,春
西安,1996,6,23.11,113.8,夏
西安,1996,7,25.94,133.5,夏
西安,1996,8,25.13,113.7,夏
西安,1996,9,19.96,206.7,秋
西安,1996,10,14.59,104.1,秋
西安,1996,11,6.67,95.2,秋
西安,1996,12,2.92,2.0,冬
西安,1997,1,0.82,13.6,冬
西安,1997,2,3.74,25.8,冬
西安,1997,3,9.67,28.3,春
西安,1997,4,13.99,53.5,春
西安,1997,5,21.62,27.0,春
西安,1997,6,26.09,23.4,夏
西安,1997,7,26.71,134.1,夏
西安,1997,8,28.06,33.5,夏
西安,1997,9,20.35,99.4,秋
西安,1997,10,14.67,28.4,秋
西安,1997,11,7.54,50.3,秋
西安,1997,12,1.7,18.8,冬
西安,1998,1,0.16,9.1,冬
西安,1998,2,5.32,1.2,冬
西安,1998,3,8.01,50.5,春
西安,1998,4,17.7,46.1,春
西安,1998,5,18.42,173.7,春
西安,1998,6,24.36,42.3,夏
西安,1998,7,25.71,288.5,夏
西安,1998,8,24.08,279.8,夏
西安,1998,9,21.43,75.9,秋
西安,1998,10,15.55,119.3,秋
西安,1998,11,10.41,12.4,秋
西安,1998,12,4.45,14.8,冬
西安,1999,1,2.16,1.3,冬
西安,1999,2,5.83,3.2,冬
西安,1999,3,9.36,35.1,春
西安,1999,4,15.73,93.1,春
西安,1999,5,19.38,166.6,春
西安,1999,6,23.72,55.8,夏
西安,1999,7,25.23,184.9,夏
西安,1999,8,26.14,26.1,夏
西安,1999,9,22.34,97.9,秋
西安,1999,10,14.24,180.3,秋
西安,1999,11,8.16,39.1,秋
西安,1999,12,2.41,5.5,冬
西安,2000,1,0.05,15.5,冬
西安,2000,2,3.27,17.0,冬
西安,2000,3,10.72,16.7,春
西安,2000,4,15.78,22.1,春
西安,2000,5,22.36,42.2,春
西安,2000,6,24.19,159.9,夏
西安,2000,7,26.92,84.7,夏
西安,2000,8,23.99,192.7,夏
西安,2000,9,19.83,130.0,秋
西安,2000,10,13.53,131.0,秋
西安,2000,11,5.96,64.3,秋
西安,2000,12,3.52,25.6,冬
西安,2001,1,1.07,28.1,冬
西安,2001,2,4.54,27.2,冬
西安,2001,3,10.14,6.8,春
西安,2001,4,14.35,59.9,春
西安,2001,5,21.1,17.0,春
西安,2001,6,25.26,89.6,夏
西安,2001,7,28.02,96.6,夏
西安,2001,8,25.02,101.9,夏
西安,2001,9,19.51,106.8,秋
西安,2001,10,15.04,90.1,秋
西安,2001,11,8.25,11.6,秋
西安,2001,12,0.61,37.6,冬
西安,2002,1,3.28,22.4,冬
西安,2002,2,6.26,13.2,冬
西安,2002,3,11.01,41.5,春
西安,2002,4,15.12,36.8,春
西安,2002,5,18.54,69.1,春
西安,2002,6,26.14,118.6,夏
西安,2002,7,28.57,29.1,夏
西安,2002,8,25.15,109.1,夏
西安,2002,9,20.61,102.2,秋
西安,2002,10,15.46,66.6,秋
西安,2002,11,8.36,7.5,秋
西安,2002,12,1.38,29.5,冬
西安,2003,1,1.17,24.8,冬
西安,2003,2,5.16,22.0,冬
西安,2003,3,8.64,28.5,春
西安,2003,4,14.51,53.0,春
西安,2003,5,20.55,49.7,春
西安,2003,6,26.04,43.8,夏
西安,2003,7,25.77,170.0,夏
西安,2003,8,23.56,238.6,夏
西安,2003,9,20.34,259.8,秋
西安,2003,10,13.08,122.2,秋
西安,2003,11,6.48,56.9,秋
西安,2003,12,1.67,14.3,冬
西安,2004,1,0.62,7.6,冬
西安,2004,2,5.11,30.8,冬
西安,2004,3,9.85,33.1,春
西安,2004,4,17.7,23.1,春
西安,2004,5,20.67,57.4,春
西安,2004,6,24.73,48.6,夏
西安,2004,7,26.66,117.6,夏
西安,2004,8,24.61,108.7,夏
西安,2004,9,19.73,216.9,秋
西安,2004,10,13.48,54.1,秋
西安,2004,11,7.56,52.8,秋
西安,2004,12,2.65,49.2,冬
西安,2005,1,0.05,1.5,冬
西安,2005,2,2.26,16.3,冬
西安,2005,3,8.94,8.1,春
西安,2005,4,18.08,22.5,春
西安,2005,5,21.67,49.7,春
西安,2005,6,26.16,109.9,夏
西安,2005,7,26.45,133.5,夏
西安,2005,8,23.5,211.1,夏
西安,2005,9,21.42,178.1,秋
西安,2005,10,13.53,120.2,秋
西安,2005,11,9.22,14.7,秋
西安,2005,12,0.48,0.0,冬
西安,2006,1,0.24,25.4,冬
西安,2006,2,3.89,27.4,冬
西安,2006,3,9.59,12.1,春
西安,2006,4,16.27,42.7,春
西安,2006,5,20.88,99.6,春
西安,2006,6,26.03,59.9,夏
西安,2006,7,28.53,105.5,夏
西安,2006,8,27.47,54.9,夏
西安,2006,9,19.13,214.7,秋
西安,2006,10,16.47,69.6,秋
西安,2006,11,9.25,13.7,秋
西安,2006,12,2.61,7.1,冬
西安,2007,1,1.12,6.5,冬
西安,2007,2,7.01,13.8,冬
西安,2007,3,9.24,51.2,春
西安,2007,4,15.72,8.9,春
西安,2007,5,22.99,38.7,春
西安,2007,6,24.64,79.1,夏
西安,2007,7,24.26,422.4,夏
西安,2007,8,25.28,190.8,夏
西安,2007,9,18.88,69.2,秋
西安,2007,10,13.68,75.2,秋
西安,2007,11,8.83,6.0,秋
西安,2007,12,2.83,17.1,冬
西安,2008,1,-2.87,33.2,冬
西安,2008,2,-0.56,9.8,冬
西安,2008,3,10.38,33.9,春
西安,2008,4,15.1,40.3,春
西安,2008,5,21.28,27.6,春
西安,2008,6,24.04,110.3,夏
西安,2008,7,25.69,70.1,夏
西安,2008,8,24.76,106.6,夏
西安,2008,9,20.2,102.0,秋
西安,2008,10,14.77,69.2,秋
西安,2008,11,7.66,26.0,秋
西安,2008,12,2.27,0.6,冬
西安,2009,1,0.51,0.3,冬
西安,2009,2,6.22,36.6,冬
西安,2009,3,9.81,31.2,春
西安,2009,4,16.01,30.2,春
西安,2009,5,18.8,156.3,春
西安,2009,6,24.71,114.9,夏
西安,2009,7,26.56,145.7,夏
西安,2009,8,24.06,211.8,夏
西安,2009,9,20.09,89.8,秋
西安,2009,10,16.35,42.5,秋
西安,2009,11,5.28,76.1,秋
西安,2009,12,1.15,16.1,冬
西安,2010,1,1.69,0.0,冬
西安,2010,2,3.91,27.7,冬
西安,2010,3,8.38,50.4,春
西安,2010,4,13.03,56.4,春
西安,2010,5,20.02,29.6,春
西安,2010,6,24.67,43.4,夏
西安,2010,7,26.3,230.2,夏
西安,2010,8,24.82,177.7,夏
西安,2010,9,21.09,130.9,秋
西安,2010,10,14.1,46.5,秋
西安,2010,11,8.43,9.2,秋
西安,2010,12,2.8,5.8,冬
西安,2011,1,-2.4,1.2,冬
西安,2011,2,4.09,29.8,冬
西安,2011,3,6.98,11.7,春
西安,2011,4,16.72,20.6,春
西安,2011,5,19.9,75.7,春
西安,2011,6,25.26,41.1,夏
西安,2011,7,25.6,183.7,夏
西安,2011,8,23.81,111.7,夏
西安,2011,9,18.15,312.7,秋
西安,2011,10,14.43,63.2,秋
西安,2011,11,9.64,99.3,秋
西安,2011,12,1.74,13.1,冬
西安,2012,1,-0.45,13.3,冬
西安,2012,2,1.81,6.1,冬
西安,2012,3,8.07,23.4,春
西安,2012,4,16.15,47.8,春
西安,2012,5,19.92,99.1,春
西安,2012,6,25.13,21.0,夏
西安,2012,7,26.13,200.8,夏
西安,2012,8,25.06,88.1,夏
西安,2012,9,19.29,152.0,秋
西安,2012,10,14.99,42.1,秋
西安,2012,11,6.55,39.4,秋
西安,2012,12,0.92,7.5,冬
西安,2013,1,1.1,3.6,冬
西安,2013,2,4.67,34.3,冬
西安,2013,3,12.82,7.1,春
西安,2013,4,15.75,21.5,春
西安,2013,5,20.41,141.7,春
西安,2013,6,25.25,56.9,夏
西安,2013,7,26.51,217.7,夏
西安,2013,8,27.33,60.9,夏
西安,2013,9,22.14,22.6,秋
西安,2013,10,17.31,34.0,秋
西安,2013,11,8.1,32.7,秋
西安,2013,12,2.39,0.0,冬
西安,2014,1,3.4,4.0,冬
西安,2014,2,2.34,32.4,冬
西安,2014,3,10.91,38.6,春
西安,2014,4,15.18,79.6,春
西安,2014,5,19.48,65.3,春
西安,2014,6,25.06,58.7,夏
西安,2014,7,28.12,23.1,夏
西安,2014,8,24.25,146.8,夏
西安,2014,9,19.7,249.0,秋
西安,2014,10,15.49,54.1,秋
西安,2014,11,8.04,39.4,秋
西安,2014,12,1.35,1.8,冬
西安,2015,1,2.37,8.8,冬
西安,2015,2,4.5,16.1,冬
西安,2015,3,9.94,35.7,春
西安,2015,4,14.93,67.1,春
西安,2015,5,20.56,60.2,春
西安,2015,6,23.05,193.5,夏
西安,2015,7,26.57,5.3,夏
西安,2015,8,25.36,78.9,夏
西安,2015,9,20.69,131.3,秋
西安,2015,10,15.15,65.2,秋
西安,2015,11,8.74,53.1,秋
西安,2015,12,2.9,5.3,冬
西安,2016,1,0.52,6.4,冬
西安,2016,2,3.41,15.0,冬
西安,2016,3,10.77,10.1,春
西安,2016,4,16.59,57.8,春
西安,2016,5,19.61,49.2,春
西安,2016,6,25.4,112.9,夏
西安,2016,7,26.93,127.2,夏
西安,2016,8,28.43,21.2,夏
西安,2016,9,22.06,101.3,秋
西安,2016,10,14.83,77.6,秋
西安,2016,11,8.23,35.3,秋
西安,2016,12,4.56,18.9,冬
西安,2017,1,1.53,4.4,冬
西安,2017,2,4.58,18.3,冬
西安,2017,3,8.85,51.3,春
西安,2017,4,15.87,56.5,春
西安,2017,5,21.32,54.5,春
西安,2017,6,25.67,93.7,夏
西安,2017,7,31.11,48.8,夏
西安,2017,8,26.69,137.6,夏
西安,2017,9,20.64,92.3,秋
西安,2017,10,13.35,132.2,秋
西安,2017,11,7.58,8.5,秋
西安,2017,12,1.34,0.3,冬
西安,2018,1,-2.72,25.9,冬
西安,2018,2,2.81,11.1,冬
西安,2018,3,12.37,30.1,春
西安,2018,4,17.6,49.4,春
西安,2018,5,21.31,51.1,春
西安,2018,6,26.33,89.6,夏
西安,2018,7,28.84,108.8,夏
西安,2018,8,30.65,20.3,夏
西安,2018,9,20.54,84.4,秋
西安,2018,10,14.75,8.0,秋
西安,2018,11,7.34,30.8,秋
西安,2018,12,0.38,5.4,冬
西安,2019,1,-0.1,6.9,冬
西安,2019,2,2.86,11.7,冬
西安,2019,3,11.53,5.7,春
西安,2019,4,17.88,41.0,春
西安,2019,5,20.77,40.4,春
西安,2019,6,25.17,92.7,夏
西安,2019,7,27.09,58.7,夏
西安,2019,8,26.35,111.4,夏
西安,2019,9,20.05,162.0,秋
西安,2019,10,13.92,80.4,秋
西安,2019,11,7.7,16.4,秋
西安,2019,12,2.01,3.6,冬
西安,2020,1,1.06,21.1,冬
西安,2020,2,5.0,13.1,冬
西安,2020,3,11.5,18.8,春
西安,2020,4,15.59,15.2,春
西安,2020,5,22.35,63.2,春
西安,2020,6,24.42,126.7,夏
西安,2020,7,25.54,114.9,夏
西安,2020,8,24.9,162.8,夏
西安,2020,9,21.17,44.7,秋
西安,2020,10,12.92,79.9,秋
西安,2020,11,8.36,31.1,秋
西安,2020,12,-0.17,7.2,冬
西安,2021,1,0.76,3.2,冬
西安,2021,2,6.48,42.5,冬
西安,2021,3,11.01,26.6,春
西安,2021,4,14.28,79.0,春
西安,2021,5,21.5,47.2,春
西安,2021,6,26.06,66.6,夏
西安,2021,7,27.7,201.2,夏
西安,2021,8,25.83,131.4,夏
西安,2021,9,21.07,334.6,秋
西安,2021,10,12.95,89.9,秋
西安,2021,11,6.36,18.2,秋
西安,2021,12,1.86,13.1,冬
西安,2022,1,1.04,17.4,冬
西安,2022,2,2.34,7.2,冬
西安,2022,3,12.3,35.0,春
西安,2022,4,17.32,52.4,春
西安,2022,5,20.91,32.2,春
西安,2022,6,27.82,70.8,夏
西安,2022,7,27.79,159.9,夏
西安,2022,8,28.44,128.8,夏
西安,2022,9,20.61,29.6,秋
西安,2022,10,13.78,93.8,秋
西安,2022,11,9.14,38.8,秋
西安,2022,12,0.52,6.6,冬
西安,2023,1,0.31,3.5,冬
西安,2023,2,4.44,20.2,冬
西安,2023,3,11.61,29.4,春
西安,2023,4,14.66,116.5,春
西安,2023,5,19.15,99.8,春
西安,2023,6,24.04,79.0,夏
西安,2023,7,27.46,110.8,夏
西安,2023,8,25.83,129.0,夏
西安,2023,9,21.98,87.5,秋
西安,2023,10,14.8,64.6,秋
西安,2023,11,7.69,15.5,秋
西安,2023,12,1.19,10.4,冬
西安,2024,1,0.23,4.4,冬
西安,2024,2,2.22,13.5,冬
西安,2024,3,11.55,30.7,春
西安,2024,4,18.94,35.9,春
西安,2024,5,23.05,38.8,春
西安,2024,6,27.12,32.8,夏
西安,2024,7,26.34,207.3,夏
西安,2024,8,28.5,44.5,夏
西安,2024,9,26.37,65.1,秋
西安,2024,10,15.97,37.4,秋
西安,2024,11,9.48,45.5,秋
西安,2024,12,1.61,1.6,冬
西安,2025,1,0.61,29.1,冬
西安,2025,2,3.1,4.8,冬
西安,2025,3,10.59,38.7,春
西安,2025,4,20.47,6.5,春
西安,2025,5,23.89,41.7,春
西安,2025,6,27.0,48.6,夏
西安,2025,7,30.91,73.1,夏
西安,2025,8,29.22,50.5,夏
西安,2025,9,19.86,220.3,秋
西安,2025,10,14.14,141.6,秋
西安,2025,11,8.89,10.4,秋
西安,2025,12,3.23,13.5,冬
西宁,1960,1,-6.29,2.6,冬
西宁,1960,2,-0.7,6.0,冬
西宁,1960,3,3.36,20.7,春
西宁,1960,4,4.2,66.7,春
西宁,1960,5,11.7,66.1,春
西宁,1960,6,15.92,82.3,夏
西宁,1960,7,17.73,140.1,夏
西宁,1960,8,17.11,115.8,夏
西宁,1960,9,13.56,81.8,秋
西宁,1960,10,4.93,61.6,秋
西宁,1960,11,-3.12,19.6,秋
西宁,1960,12,-6.62,0.2,冬
西宁,1961,1,-8.63,5.3,冬
西宁,1961,2,-6.34,10.0,冬
西宁,1961,3,-0.39,53.3,春
西宁,1961,4,6.82,49.0,春
西宁,1961,5,11.64,55.8,春
西宁,1961,6,15.92,136.3,夏
西宁,1961,7,18.07,167.3,夏
西宁,1961,8,16.97,209.1,夏
西宁,1961,9,11.94,158.9,秋
西宁,1961,10,6.08,75.9,秋
西宁,1961,11,-6.14,23.7,秋
西宁,1961,12,-12.18,3.3,冬
西宁,1962,1,-10.97,4.8,冬
西宁,1962,2,-3.75,10.0,冬
西宁,1962,3,-0.62,19.2,春
西宁,1962,4,6.08,21.2,春
西宁,1962,5,11.62,53.9,春
西宁,1962,6,14.74,70.6,夏
西宁,1962,7,16.91,152.2,夏
西宁,1962,8,17.56,113.1,夏
西宁,1962,9,12.6,102.8,秋
西宁,1962,10,6.64,71.4,秋
西宁,1962,11,-4.1,15.5,秋
西宁,1962,12,-7.57,1.1,冬
西宁,1963,1,-8.62,3.8,冬
西宁,1963,2,-4.6,15.7,冬
西宁,1963,3,2.45,19.8,春
西宁,1963,4,6.44,43.7,春
西宁,1963,5,12.84,127.8,春
西宁,1963,6,14.38,122.8,夏
西宁,1963,7,16.77,221.0,夏
西宁,1963,8,16.96,151.8,夏
西宁,1963,9,13.08,69.0,秋
西宁,1963,10,6.06,71.6,秋
西宁,1963,11,-3.87,34.3,秋
西宁,1963,12,-8.75,11.1,冬
西宁,1964,1,-9.91,8.5,冬
西宁,1964,2,-7.28,8.0,冬
西宁,1964,3,1.85,28.1,春
西宁,1964,4,10.15,95.0,春
西宁,1964,5,11.94,150.8,春
西宁,1964,6,13.8,140.4,夏
西宁,1964,7,16.16,130.5,夏
西宁,1964,8,16.38,202.3,夏
西宁,1964,9,11.94,139.5,秋
西宁,1964,10,7.62,66.3,秋
西宁,1964,11,-0.59,14.6,秋
西宁,1964,12,-7.06,4.2,冬
西宁,1965,1,-4.78,0.2,冬
西宁,1965,2,-3.2,7.6,冬
西宁,1965,3,0.36,27.5,春
西宁,1965,4,7.2,95.9,春
西宁,1965,5,11.34,82.9,春
西宁,1965,6,14.6,124.2,夏
西宁,1965,7,16.08,179.6,夏
西宁,1965,8,15.62,110.8,夏
西宁,1965,9,11.95,99.0,秋
西宁,1965,10,7.35,54.3,秋
西宁,1965,11,-1.36,20.0,秋
西宁,1965,12,-9.11,5.1,冬
西宁,1966,1,-5.74,1.0,冬
西宁,1966,2,-2.38,9.6,冬
西宁,1966,3,2.44,29.0,春
西宁,1966,4,6.57,39.6,春
西宁,1966,5,10.78,100.4,春
西宁,1966,6,15.03,89.9,夏
西宁,1966,7,16.85,149.0,夏
西宁,1966,8,16.32,188.1,夏
西宁,1966,9,10.58,161.4,秋
西宁,1966,10,5.55,79.8,秋
西宁,1966,11,-5.0,17.6,秋
西宁,1966,12,-8.29,2.3,冬
西宁,1967,1,-9.91,5.8,冬
西宁,1967,2,-6.42,9.5,冬
西宁,1967,3,0.82,27.1,春
西宁,1967,4,4.92,62.4,春
西宁,1967,5,11.71,164.7,春
西宁,1967,6,13.78,132.3,夏
西宁,1967,7,16.55,169.2,夏
西宁,1967,8,16.2,173.9,夏
西宁,1967,9,10.96,125.8,秋
西宁,1967,10,5.09,53.9,秋
西宁,1967,11,-4.79,16.4,秋
西宁,1967,12,-8.72,3.5,冬
西宁,1968,1,-7.48,5.2,冬
西宁,1968,2,-8.36,9.6,冬
西宁,1968,3,1.85,27.0,春
西宁,1968,4,5.82,49.6,春
西宁,1968,5,10.67,81.1,春
西宁,1968,6,15.13,82.4,夏
西宁,1968,7,16.1,209.9,夏
西宁,1968,8,14.78,153.0,夏
西宁,1968,9,12.14,116.0,秋
西宁,1968,10,5.74,45.3,秋
西宁,1968,11,-1.56,20.5,秋
西宁,1968,12,-3.93,1.6,冬
西宁,1969,1,-6.71,3.0,冬
西宁,1969,2,-5.4,3.6,冬
西宁,1969,3,1.67,30.7,春
西宁,1969,4,7.11,47.1,春
西宁,1969,5,12.88,66.2,春
西宁,1969,6,14.3,87.7,夏
西宁,1969,7,16.48,173.2,夏
西宁,1969,8,15.72,144.3,夏
西宁,1969,9,11.56,92.9,秋
西宁,1969,10,7.31,51.0,秋
西宁,1969,11,-3.58,14.1,秋
西宁,1969,12,-7.78,3.4,冬
西宁,1970,1,-8.01,7.1,冬
西宁,1970,2,-4.44,7.8,冬
西宁,1970,3,-1.74,17.3,春
西宁,1970,4,2.51,103.9,春
西宁,1970,5,11.1,55.8,春
西宁,1970,6,13.0,90.7,夏
西宁,1970,7,17.33,106.4,夏
西宁,1970,8,16.12,152.7,夏
西宁,1970,9,11.05,98.4,秋
西宁,1970,10,4.48,42.3,秋
西宁,1970,11,-1.13,2.6,秋
西宁,1970,12,-4.35,1.8,冬
西宁,1971,1,-6.62,5.1,冬
西宁,1971,2,-3.58,1.7,冬
西宁,1971,3,1.55,30.9,春
西宁,1971,4,6.59,36.2,春
西宁,1971,5,11.0,50.4,春
西宁,1971,6,13.97,114.3,夏
西宁,1971,7,17.81,153.1,夏
西宁,1971,8,16.34,156.7,夏
西宁,1971,9,10.84,158.3,秋
西宁,1971,10,5.6,59.4,秋
西宁,1971,11,-1.37,22.5,秋
西宁,1971,12,-5.08,1.3,冬
西宁,1972,1,-4.8,0.6,冬
西宁,1972,2,-7.1,8.0,冬
西宁,1972,3,2.16,30.9,春
西宁,1972,4,5.45,38.8,春
西宁,1972,5,12.37,79.3,春
西宁,1972,6,15.1,100.5,夏
西宁,1972,7,16.96,64.0,夏
西宁,1972,8,18.45,114.6,夏
西宁,1972,9,11.48,80.4,秋
西宁,1972,10,6.17,33.5,秋
西宁,1972,11,-4.19,25.0,秋
西宁,1972,12,-10.89,2.7,冬
西宁,1973,1,-9.73,7.2,冬
西宁,1973,2,-4.07,12.0,冬
西宁,1973,3,0.55,30.1,春
西宁,1973,4,7.65,59.5,春
西宁,1973,5,11.19,157.9,春
西宁,1973,6,14.1,168.5,夏
西宁,1973,7,16.65,178.0,夏
西宁,1973,8,17.05,112.0,夏
西宁,1973,9,12.54,137.3,秋
西宁,1973,10,5.12,65.3,秋
西宁,1973,11,-0.81,14.4,秋
西宁,1973,12,-5.13,4.7,冬
西宁,1974,1,-7.24,4.7,冬
西宁,1974,2,-6.7,7.8,冬
西宁,1974,3,-1.85,33.9,春
西宁,1974,4,7.06,50.1,春
西宁,1974,5,11.47,74.6,春
西宁,1974,6,14.87,97.8,夏
西宁,1974,7,17.05,160.0,夏
西宁,1974,8,16.45,105.3,夏
西宁,1974,9,11.57,117.8,秋
西宁,1974,10,4.84,80.6,秋
西宁,1974,11,-2.68,13.5,秋
西宁,1974,12,-10.72,4.7,冬
西宁,1975,1,-9.19,5.8,冬
西宁,1975,2,-4.87,6.0,冬
西宁,1975,3,1.3,39.7,春
西宁,1975,4,6.32,49.1,春
西宁,1975,5,10.46,90.5,春
西宁,1975,6,15.31,105.1,夏
西宁,1975,7,16.41,148.6,夏
西宁,1975,8,18.15,82.8,夏
西宁,1975,9,13.16,110.0,秋
西宁,1975,10,7.04,87.5,秋
西宁,1975,11,-3.16,18.4,秋
西宁,1975,12,-10.2,4.9,冬
西宁,1976,1,-7.88,1.8,冬
西宁,1976,2,-2.88,11.9,冬
西宁,1976,3,-0.78,10.8,春
西宁,1976,4,6.0,39.4,春
西宁,1976,5,11.26,93.7,春
西宁,1976,6,14.19,161.9,夏
西宁,1976,7,15.48,206.9,夏
西宁,1976,8,14.51,176.9,夏
西宁,1976,9,11.75,80.3,秋
西宁,1976,10,6.46,58.4,秋
西宁,1976,11,-2.82,7.4,秋
西宁,1976,12,-7.68,2.2,冬
西宁,1977,1,-9.15,6.6,冬
西宁,1977,2,-7.12,8.7,冬
西宁,1977,3,0.21,25.6,春
西宁,1977,4,6.05,63.4,春
西宁,1977,5,9.73,82.0,春
西宁,1977,6,14.0,181.7,夏
西宁,1977,7,17.5,95.0,夏
西宁,1977,8,16.27,138.5,夏
西宁,1977,9,12.63,142.3,秋
西宁,1977,10,6.4,57.8,秋
西宁,1977,11,-7.36,22.4,秋
西宁,1977,12,-9.55,4.4,冬
西宁,1978,1,-10.61,3.0,冬
西宁,1978,2,-6.21,7.5,冬
西宁,1978,3,0.68,42.8,春
西宁,1978,4,7.43,33.1,春
西宁,1978,5,13.05,93.6,春
西宁,1978,6,15.16,133.3,夏
西宁,1978,7,16.94,184.5,夏
西宁,1978,8,16.74,153.7,夏
西宁,1978,9,11.65,127.7,秋
西宁,1978,10,5.06,105.1,秋
西宁,1978,11,-2.62,19.6,秋
西宁,1978,12,-5.87,1.6,冬
西宁,1979,1,-6.65,1.8,冬
西宁,1979,2,-1.74,5.3,冬
西宁,1979,3,-0.13,11.9,春
西宁,1979,4,7.45,33.6,春
西宁,1979,5,11.58,58.9,春
西宁,1979,6,15.21,107.6,夏
西宁,1979,7,15.25,168.3,夏
西宁,1979,8,15.59,162.9,夏
西宁,1979,9,10.38,100.5,秋
西宁,1979,10,6.31,74.0,秋
西宁,1979,11,-1.03,7.4,秋
西宁,1979,12,-2.99,1.3,冬
西宁,1980,1,-6.55,2.3,冬
西宁,1980,2,-5.26,10.3,冬
西宁,1980,3,0.95,27.9,春
西宁,1980,4,6.52,26.6,春
西宁,1980,5,11.8,84.8,春
西宁,1980,6,13.5,83.4,夏
西宁,1980,7,16.92,143.7,夏
西宁,1980,8,16.43,138.9,夏
西宁,1980,9,11.77,119.3,秋
西宁,1980,10,7.1,38.8,秋
西宁,1980,11,2.41,4.6,秋
西宁,1980,12,-3.14,3.5,冬
西宁,1981,1,-5.57,1.2,冬
西宁,1981,2,-3.25,1.0,冬
西宁,1981,3,2.55,29.6,春
西宁,1981,4,7.23,63.2,春
西宁,1981,5,12.5,47.6,春
西宁,1981,6,16.07,105.2,夏
西宁,1981,7,18.5,123.6,夏
西宁,1981,8,16.61,165.5,夏
西宁,1981,9,10.99,144.6,秋
西宁,1981,10,4.56,36.3,秋
西宁,1981,11,-2.77,10.5,秋
西宁,1981,12,-8.64,3.1,冬
西宁,1982,1,-5.02,0.3,冬
西宁,1982,2,-4.31,10.8,冬
西宁,1982,3,1.0,27.6,春
西宁,1982,4,5.38,40.4,春
西宁,1982,5,10.74,58.9,春
西宁,1982,6,14.43,66.6,夏
西宁,1982,7,17.29,86.7,夏
西宁,1982,8,16.52,140.4,夏
西宁,1982,9,11.11,110.2,秋
西宁,1982,10,7.21,61.2,秋
西宁,1982,11,-4.77,16.7,秋
西宁,1982,12,-11.47,2.9,冬
西宁,1983,1,-11.01,2.3,冬
西宁,1983,2,-6.58,2.9,冬
西宁,1983,3,-1.0,24.5,春
西宁,1983,4,4.85,25.9,春
西宁,1983,5,11.68,83.7,春
西宁,1983,6,14.09,139.2,夏
西宁,1983,7,15.32,178.7,夏
西宁,1983,8,15.79,176.2,夏
西宁,1983,9,12.3,99.7,秋
西宁,1983,10,6.74,43.2,秋
西宁,1983,11,1.59,5.3,秋
西宁,1983,12,-4.15,0.5,冬
西宁,1984,1,-8.04,0.6,冬
西宁,1984,2,-6.19,11.8,冬
西宁,1984,3,-0.7,33.1,春
西宁,1984,4,6.63,34.4,春
西宁,1984,5,11.41,91.8,春
西宁,1984,6,14.83,123.8,夏
西宁,1984,7,16.32,161.6,夏
西宁,1984,8,15.95,145.8,夏
西宁,1984,9,11.43,115.0,秋
西宁,1984,10,5.77,49.0,秋
西宁,1984,11,0.87,5.5,秋
西宁,1984,12,-7.34,3.0,冬
西宁,1985,1,-5.91,1.7,冬
西宁,1985,2,-2.05,0.3,冬
西宁,1985,3,0.23,8.5,春
西宁,1985,4,7.77,46.9,春
西宁,1985,5,11.87,146.1,春
西宁,1985,6,14.12,118.9,夏
西宁,1985,7,15.66,162.3,夏
西宁,1985,8,17.29,85.9,夏
西宁,1985,9,10.6,144.7,秋
西宁,1985,10,5.88,63.0,秋
西宁,1985,11,-2.36,9.3,秋
西宁,1985,12,-4.45,3.0,冬
西宁,1986,1,-5.87,0.2,冬
西宁,1986,2,-3.71,7.5,冬
西宁,1986,3,0.62,13.6,春
西宁,1986,4,5.43,47.9,春
西宁,1986,5,12.31,72.0,春
西宁,1986,6,14.12,183.0,夏
西宁,1986,7,16.43,145.5,夏
西宁,1986,8,16.09,99.9,夏
西宁,1986,9,11.7,90.6,秋
西宁,1986,10,6.25,56.9,秋
西宁,1986,11,-2.18,9.6,秋
西宁,1986,12,-4.4,5.0,冬
西宁,1987,1,-4.51,1.5,冬
西宁,1987,2,-0.9,3.2,冬
西宁,1987,3,2.45,10.7,春
西宁,1987,4,7.4,61.4,春
西宁,1987,5,10.04,135.6,春
西宁,1987,6,14.63,124.9,夏
西宁,1987,7,16.79,109.1,夏
西宁,1987,8,16.23,95.8,夏
西宁,1987,9,12.51,133.9,秋
西宁,1987,10,6.63,33.4,秋
西宁,1987,11,-0.79,18.3,秋
西宁,1987,12,-4.27,1.6,冬
西宁,1988,1,-4.9,2.0,冬
西宁,1988,2,-4.21,6.6,冬
西宁,1988,3,-1.05,25.0,春
西宁,1988,4,6.88,40.3,春
西宁,1988,5,11.95,95.9,春
西宁,1988,6,15.72,106.0,夏
西宁,1988,7,17.99,148.7,夏
西宁,1988,8,17.13,126.9,夏
西宁,1988,9,12.31,140.8,秋
西宁,1988,10,5.88,88.6,秋
西宁,1988,11,0.92,6.5,秋
西宁,1988,12,-1.71,0.6,冬
西宁,1989,1,-5.16,1.1,冬
西宁,1989,2,-3.46,7.3,冬
西宁,1989,3,0.41,22.6,春
西宁,1989,4,5.43,77.7,春
西宁,1989,5,12.05,67.3,春
西宁,1989,6,15.15,95.4,夏
西宁,1989,7,17.25,166.6,夏
西宁,1989,8,16.58,115.2,夏
西宁,1989,9,13.13,112.5,秋
西宁,1989,10,6.31,90.0,秋
西宁,1989,11,-4.79,13.1,秋
西宁,1989,12,-4.39,4.6,冬
西宁,1990,1,-6.34,2.6,冬
西宁,1990,2,-3.54,7.1,冬
西宁,1990,3,2.57,22.0,春
西宁,1990,4,4.21,76.0,春
西宁,1990,5,10.36,105.5,春
西宁,1990,6,15.37,78.0,夏
西宁,1990,7,18.09,139.8,夏
西宁,1990,8,16.78,112.0,夏
西宁,1990,9,13.35,96.0,秋
西宁,1990,10,6.28,105.7,秋
西宁,1990,11,-1.2,25.0,秋
西宁,1990,12,-6.13,0.4,冬
西宁,1991,1,-6.44,5.7,冬
西宁,1991,2,-3.89,9.9,冬
西宁,1991,3,2.28,25.4,春
西宁,1991,4,5.59,45.0,春
西宁,1991,5,11.38,81.7,春
西宁,1991,6,15.99,91.3,夏
西宁,1991,7,18.86,100.5,夏
西宁,1991,8,18.39,59.9,夏
西宁,1991,9,13.5,69.9,秋
西宁,1991,10,6.45,57.9,秋
西宁,1991,11,0.65,1.6,秋
西宁,1991,12,-2.91,0.6,冬
西宁,1992,1,-4.88,0.0,冬
西宁,1992,2,-3.98,1.8,冬
西宁,1992,3,1.38,37.5,春
西宁,1992,4,8.78,33.3,春
西宁,1992,5,11.91,59.6,春
西宁,1992,6,15.77,97.9,夏
西宁,1992,7,16.3,172.5,夏
西宁,1992,8,16.14,179.4,夏
西宁,1992,9,12.19,161.4,秋
西宁,1992,10,4.43,46.0,秋
西宁,1992,11,-2.2,22.4,秋
西宁,1992,12,-4.38,0.5,冬
西宁,1993,1,-8.67,4.0,冬
西宁,1993,2,-1.39,15.8,冬
西宁,1993,3,2.71,24.8,春
西宁,1993,4,7.53,44.1,春
西宁,1993,5,10.16,98.9,春
西宁,1993,6,14.39,123.8,夏
西宁,1993,7,16.23,132.6,夏
西宁,1993,8,15.22,129.9,夏
西宁,1993,9,12.16,114.5,秋
西宁,1993,10,5.42,38.0,秋
西宁,1993,11,0.93,6.5,秋
西宁,1993,12,-4.16,2.6,冬
西宁,1994,1,-5.64,5.1,冬
西宁,1994,2,-2.8,10.1,冬
西宁,1994,3,0.23,21.9,春
西宁,1994,4,8.17,44.2,春
西宁,1994,5,13.05,36.5,春
西宁,1994,6,15.14,194.6,夏
西宁,1994,7,17.29,198.7,夏
西宁,1994,8,17.19,174.2,夏
西宁,1994,9,12.13,83.0,秋
西宁,1994,10,4.59,60.6,秋
西宁,1994,11,2.0,15.4,秋
西宁,1994,12,-6.55,6.8,冬
西宁,1995,1,-11.5,5.4,冬
西宁,1995,2,-7.42,9.0,冬
西宁,1995,3,-0.88,29.0,春
西宁,1995,4,4.92,35.7,春
西宁,1995,5,12.9,24.6,春
西宁,1995,6,16.66,69.4,夏
西宁,1995,7,17.36,149.6,夏
西宁,1995,8,16.31,149.2,夏
西宁,1995,9,13.09,115.0,秋
西宁,1995,10,6.38,62.7,秋
西宁,1995,11,0.5,9.4,秋
西宁,1995,12,-7.85,0.6,冬
西宁,1996,1,-8.57,4.4,冬
西宁,1996,2,-4.06,2.3,冬
西宁,1996,3,0.63,30.9,春
西宁,1996,4,5.46,55.8,春
西宁,1996,5,11.65,64.7,春
西宁,1996,6,14.82,133.8,夏
西宁,1996,7,17.72,130.1,夏
西宁,1996,8,17.31,97.3,夏
西宁,1996,9,13.34,72.6,秋
西宁,1996,10,7.19,48.1,秋
西宁,1996,11,-0.94,12.4,秋
西宁,1996,12,-5.98,1.0,冬
西宁,1997,1,-4.25,0.6,冬
西宁,1997,2,-3.37,5.2,冬
西宁,1997,3,3.32,45.5,春
西宁,1997,4,6.38,83.0,春
西宁,1997,5,13.11,72.6,春
西宁,1997,6,16.23,66.1,夏
西宁,1997,7,17.86,155.0,夏
西宁,1997,8,16.81,132.5,夏
西宁,1997,9,11.91,81.5,秋
西宁,1997,10,6.24,60.6,秋
西宁,1997,11,-0.84,12.1,秋
西宁,1997,12,-7.45,1.6,冬
西宁,1998,1,-8.65,3.2,冬
西宁,1998,2,-0.82,2.1,冬
西宁,1998,3,0.35,43.0,春
西宁,1998,4,10.96,29.9,春
西宁,1998,5,12.77,102.9,春
西宁,1998,6,16.55,110.9,夏
西宁,1998,7,17.83,155.8,夏
西宁,1998,8,16.27,150.0,夏
西宁,1998,9,14.01,117.2,秋
西宁,1998,10,7.45,47.9,秋
西宁,1998,11,3.3,2.5,秋
西宁,1998,12,-2.79,1.6,冬
西宁,1999,1,-6.5,5.1,冬
西宁,1999,2,-1.59,2.4,冬
西宁,1999,3,2.48,7.7,春
西宁,1999,4,8.45,29.7,春
西宁,1999,5,12.14,88.9,春
西宁,1999,6,15.38,136.6,夏
西宁,1999,7,17.41,132.7,夏
西宁,1999,8,17.76,103.3,夏
西宁,1999,9,14.15,101.8,秋
西宁,1999,10,6.82,88.2,秋
西宁,1999,11,0.92,11.3,秋
西宁,1999,12,-5.04,5.0,冬
西宁,2000,1,-5.2,1.5,冬
西宁,2000,2,-4.96,12.5,冬
西宁,2000,3,0.24,13.8,春
西宁,2000,4,7.22,32.8,春
西宁,2000,5,14.41,53.3,春
西宁,2000,6,15.65,120.9,夏
西宁,2000,7,21.38,52.7,夏
西宁,2000,8,17.2,127.2,夏
西宁,2000,9,12.26,127.0,秋
西宁,2000,10,6.97,42.9,秋
西宁,2000,11,-1.75,15.9,秋
西宁,2000,12,-8.53,5.7,冬
西宁,2001,1,-7.11,1.4,冬
西宁,2001,2,-2.65,5.8,冬
西宁,2001,3,2.62,4.9,春
西宁,2001,4,7.32,45.5,春
西宁,2001,5,11.49,73.6,春
西宁,2001,6,16.79,78.9,夏
西宁,2001,7,19.6,82.0,夏
西宁,2001,8,17.9,115.9,夏
西宁,2001,9,12.99,158.2,秋
西宁,2001,10,8.4,84.5,秋
西宁,2001,11,1.47,10.2,秋
西宁,2001,12,-5.15,1.4,冬
西宁,2002,1,-5.4,7.4,冬
西宁,2002,2,-1.29,5.7,冬
西宁,2002,3,2.86,26.0,春
西宁,2002,4,8.03,60.0,春
西宁,2002,5,11.19,125.8,春
西宁,2002,6,16.83,130.2,夏
西宁,2002,7,18.85,68.4,夏
西宁,2002,8,18.08,88.5,夏
西宁,2002,9,12.62,111.4,秋
西宁,2002,10,7.44,37.3,秋
西宁,2002,11,-0.42,13.0,秋
西宁,2002,12,-5.1,1.8,冬
西宁,2003,1,-3.96,0.4,冬
西宁,2003,2,-1.21,8.0,冬
西宁,2003,3,2.13,19.0,春
西宁,2003,4,8.28,54.0,春
西宁,2003,5,12.11,125.7,春
西宁,2003,6,15.83,116.5,夏
西宁,2003,7,17.56,193.2,夏
西宁,2003,8,17.24,142.3,夏
西宁,2003,9,13.36,121.0,秋
西宁,2003,10,6.87,46.6,秋
西宁,2003,11,0.61,20.3,秋
西宁,2003,12,-5.35,6.4,冬
西宁,2004,1,-8.72,2.4,冬
西宁,2004,2,-4.28,13.9,冬
西宁,2004,3,2.85,17.1,春
西宁,2004,4,9.21,36.8,春
西宁,2004,5,11.4,74.2,春
西宁,2004,6,15.72,86.5,夏
西宁,2004,7,17.82,111.7,夏
西宁,2004,8,17.22,128.8,夏
西宁,2004,9,12.28,104.8,秋
西宁,2004,10,6.69,62.6,秋
西宁,2004,11,-0.85,16.7,秋
西宁,2004,12,-5.33,1.5,冬
西宁,2005,1,-7.46,1.0,冬
西宁,2005,2,-3.2,10.2,冬
西宁,2005,3,1.83,36.5,春
西宁,2005,4,7.89,33.3,春
西宁,2005,5,12.84,94.2,春
西宁,2005,6,16.99,94.4,夏
西宁,2005,7,17.79,152.6,夏
西宁,2005,8,17.38,115.3,夏
西宁,2005,9,14.07,110.3,秋
西宁,2005,10,6.41,61.7,秋
西宁,2005,11,0.59,5.7,秋
西宁,2005,12,-5.8,0.3,冬
西宁,2006,1,-4.59,6.4,冬
西宁,2006,2,-1.59,10.1,冬
西宁,2006,3,2.0,12.0,春
西宁,2006,4,7.63,57.7,春
西宁,2006,5,12.56,78.7,春
西宁,2006,6,16.89,59.3,夏
西宁,2006,7,20.27,131.7,夏
西宁,2006,8,19.44,139.5,夏
西宁,2006,9,12.77,114.7,秋
西宁,2006,10,8.84,55.2,秋
西宁,2006,11,2.04,12.9,秋
西宁,2006,12,-4.35,3.9,冬
西宁,2007,1,-6.42,0.9,冬
西宁,2007,2,0.97,2.1,冬
西宁,2007,3,2.41,33.7,春
西宁,2007,4,7.55,50.8,春
西宁,2007,5,14.65,82.3,春
西宁,2007,6,15.62,125.4,夏
西宁,2007,7,17.54,191.1,夏
西宁,2007,8,17.81,125.8,夏
西宁,2007,9,12.48,117.1,秋
西宁,2007,10,5.86,102.6,秋
西宁,2007,11,1.71,4.6,秋
西宁,2007,12,-3.25,2.3,冬
西宁,2008,1,-8.19,7.4,冬
西宁,2008,2,-8.32,1.5,冬
西宁,2008,3,3.96,19.3,春
西宁,2008,4,8.09,58.0,春
西宁,2008,5,14.05,62.3,春
西宁,2008,6,16.34,87.0,夏
西宁,2008,7,19.17,123.7,夏
西宁,2008,8,16.21,135.1,夏
西宁,2008,9,13.02,162.2,秋
西宁,2008,10,7.8,61.0,秋
西宁,2008,11,0.52,13.0,秋
西宁,2008,12,-3.95,0.7,冬
西宁,2009,1,-5.16,3.3,冬
西宁,2009,2,0.19,6.5,冬
西宁,2009,3,1.69,32.2,春
西宁,2009,4,9.85,47.3,春
西宁,2009,5,12.28,97.1,春
西宁,2009,6,16.55,108.1,夏
西宁,2009,7,18.32,137.7,夏
西宁,2009,8,16.35,171.2,夏
西宁,2009,9,13.32,111.2,秋
西宁,2009,10,7.47,64.2,秋
西宁,2009,11,-0.03,12.6,秋
西宁,2009,12,-3.84,0.2,冬
西宁,2010,1,-3.03,1.2,冬
西宁,2010,2,-1.29,2.6,冬
西宁,2010,3,2.58,21.1,春
西宁,2010,4,6.69,28.7,春
西宁,2010,5,12.2,142.1,春
西宁,2010,6,15.91,64.6,夏
西宁,2010,7,19.29,84.9,夏
西宁,2010,8,18.91,78.8,夏
西宁,2010,9,14.48,128.7,秋
西宁,2010,10,6.75,77.2,秋
西宁,2010,11,1.4,4.4,秋
西宁,2010,12,-3.79,0.7,冬
西宁,2011,1,-9.41,1.7,冬
西宁,2011,2,-0.68,5.2,冬
西宁,2011,3,-0.46,6.4,春
西宁,2011,4,8.37,26.8,春
西宁,2011,5,12.29,52.1,春
西宁,2011,6,17.61,101.0,夏
西宁,2011,7,18.16,79.7,夏
西宁,2011,8,18.51,119.1,夏
西宁,2011,9,12.26,152.2,秋
西宁,2011,10,7.46,74.8,秋
西宁,2011,11,0.14,21.4,秋
西宁,2011,12,-5.62,3.2,冬
西宁,2012,1,-9.37,2.8,冬
西宁,2012,2,-5.8,4.7,冬
西宁,2012,3,1.32,29.0,春
西宁,2012,4,7.78,22.6,春
西宁,2012,5,12.62,116.4,春
西宁,2012,6,16.8,87.7,夏
西宁,2012,7,17.86,165.7,夏
西宁,2012,8,17.63,132.4,夏
西宁,2012,9,12.83,106.0,秋
西宁,2012,10,6.92,69.0,秋
西宁,2012,11,-0.59,9.6,秋
西宁,2012,12,-5.26,1.0,冬
西宁,2013,1,-6.0,1.3,冬
西宁,2013,2,-1.79,9.2,冬
西宁,2013,3,5.83,5.9,春
西宁,2013,4,9.32,18.2,春
西宁,2013,5,12.89,79.4,春
西宁,2013,6,17.34,104.9,夏
西宁,2013,7,17.85,153.8,夏
西宁,2013,8,19.61,116.2,夏
西宁,2013,9,12.65,139.4,秋
西宁,2013,10,8.22,41.4,秋
西宁,2013,11,-5.57,17.3,秋
西宁,2013,12,-10.35,1.2,冬
西宁,2014,1,-6.85,0.6,冬
西宁,2014,2,-2.99,5.7,冬
西宁,2014,3,3.56,18.1,春
西宁,2014,4,7.42,80.8,春
西宁,2014,5,12.26,53.0,春
西宁,2014,6,15.83,170.3,夏
西宁,2014,7,18.39,115.9,夏
西宁,2014,8,16.67,108.9,夏
西宁,2014,9,13.76,117.3,秋
西宁,2014,10,7.47,69.4,秋
西宁,2014,11,-1.9,13.4,秋
西宁,2014,12,-7.12,1.2,冬
西宁,2015,1,-5.1,7.6,冬
西宁,2015,2,-2.6,11.3,冬
西宁,2015,3,2.96,10.7,春
西宁,2015,4,8.18,49.4,春
西宁,2015,5,12.68,77.5,春
西宁,2015,6,16.17,104.0,夏
西宁,2015,7,17.18,166.5,夏
西宁,2015,8,17.38,79.1,夏
西宁,2015,9,13.33,114.8,秋
西宁,2015,10,8.07,43.1,秋
西宁,2015,11,1.42,9.5,秋
西宁,2015,12,-4.18,4.7,冬
西宁,2016,1,-7.54,3.1,冬
西宁,2016,2,-3.97,6.0,冬
西宁,2016,3,3.02,31.8,春
西宁,2016,4,8.15,58.5,春
西宁,2016,5,12.0,65.6,春
西宁,2016,6,16.9,76.7,夏
西宁,2016,7,19.26,135.4,夏
西宁,2016,8,20.19,101.7,夏
西宁,2016,9,13.4,98.6,秋
西宁,2016,10,7.4,71.0,秋
西宁,2016,11,1.0,5.4,秋
西宁,2016,12,-0.38,2.2,冬
西宁,2017,1,-5.68,0.3,冬
西宁,2017,2,-1.95,4.9,冬
西宁,2017,3,0.19,16.8,春
西宁,2017,4,6.64,42.1,春
西宁,2017,5,11.85,60.3,春
西宁,2017,6,15.28,69.0,夏
西宁,2017,7,20.99,42.6,夏
西宁,2017,8,16.63,150.0,夏
西宁,2017,9,13.58,53.0,秋
西宁,2017,10,6.68,47.0,秋
西宁,2017,11,-0.12,1.1,秋
西宁,2017,12,-4.65,1.9,冬
西宁,2018,1,-9.47,9.0,冬
西宁,2018,2,-6.3,3.7,冬
西宁,2018,3,4.75,6.6,春
西宁,2018,4,7.99,41.0,春
西宁,2018,5,13.39,46.0,春
西宁,2018,6,17.61,34.2,夏
西宁,2018,7,18.37,201.1,夏
西宁,2018,8,17.79,172.6,夏
西宁,2018,9,12.22,71.1,秋
西宁,2018,10,6.03,27.8,秋
西宁,2018,11,-1.99,16.5,秋
西宁,2018,12,-7.26,4.6,冬
西宁,2019,1,-7.12,8.3,冬
西宁,2019,2,-4.3,6.4,冬
西宁,2019,3,1.77,5.4,春
西宁,2019,4,9.7,35.2,春
西宁,2019,5,11.33,67.2,春
西宁,2019,6,15.35,124.3,夏
西宁,2019,7,17.06,83.9,夏
西宁,2019,8,17.47,72.0,夏
西宁,2019,9,13.24,65.4,秋
西宁,2019,10,6.58,39.8,秋
西宁,2019,11,0.42,4.7,秋
西宁,2019,12,-4.59,1.1,冬
西宁,2020,1,-4.86,4.6,冬
西宁,2020,2,-1.98,2.0,冬
西宁,2020,3,2.4,7.5,春
西宁,2020,4,6.61,16.7,春
西宁,2020,5,11.98,63.0,春
西宁,2020,6,15.98,78.5,夏
西宁,2020,7,17.59,110.0,夏
西宁,2020,8,16.87,123.7,夏
西宁,2020,9,13.11,73.5,秋
西宁,2020,10,6.23,11.1,秋
西宁,2020,11,0.89,6.9,秋
西宁,2020,12,-7.09,1.3,冬
西宁,2021,1,-7.64,3.5,冬
西宁,2021,2,-0.34,3.1,冬
西宁,2021,3,4.32,12.5,春
西宁,2021,4,6.35,49.6,春
西宁,2021,5,12.33,44.2,春
西宁,2021,6,16.56,70.6,夏
西宁,2021,7,19.69,51.0,夏
西宁,2021,8,17.42,51.6,夏
西宁,2021,9,14.48,87.7,秋
西宁,2021,10,6.56,45.8,秋
西宁,2021,11,-1.25,4.8,秋
西宁,2021,12,-4.56,0.1,冬
西宁,2022,1,-4.75,1.0,冬
西宁,2022,2,-5.36,5.4,冬
西宁,2022,3,5.11,1.2,春
西宁,2022,4,8.29,26.4,春
西宁,2022,5,12.87,41.3,春
西宁,2022,6,17.85,51.4,夏
西宁,2022,7,19.21,78.0,夏
西宁,2022,8,18.99,128.9,夏
西宁,2022,9,12.92,73.2,秋
西宁,2022,10,7.57,38.5,秋
西宁,2022,11,1.12,9.1,秋
西宁,2022,12,-6.51,0.5,冬
西宁,2023,1,-6.86,0.4,冬
西宁,2023,2,-2.3,12.6,冬
西宁,2023,3,3.3,16.5,春
西宁,2023,4,6.94,22.9,春
西宁,2023,5,11.7,64.9,春
西宁,2023,6,16.03,42.2,夏
西宁,2023,7,19.75,47.8,夏
西宁,2023,8,18.3,98.8,夏
西宁,2023,9,14.35,87.1,秋
西宁,2023,10,7.35,70.1,秋
西宁,2023,11,1.0,3.1,秋
西宁,2023,12,-3.56,2.5,冬
西宁,2024,1,-5.13,0.4,冬
西宁,2024,2,-3.76,6.4,冬
西宁,2024,3,2.55,15.2,春
西宁,2024,4,8.8,52.7,春
西宁,2024,5,15.24,40.6,春
西宁,2024,6,16.44,74.5,夏
西宁,2024,7,19.05,70.9,夏
西宁,2024,8,19.1,111.5,夏
西宁,2024,9,14.84,129.9,秋
西宁,2024,10,7.91,31.1,秋
西宁,2024,11,1.06,10.9,秋
西宁,2024,12,-6.41,2.7,冬
西宁,2025,1,-6.53,7.0,冬
西宁,2025,2,-3.97,1.8,冬
西宁,2025,3,0.62,5.1,春
西宁,2025,4,8.76,19.7,春
西宁,2025,5,14.08,19.4,春
西宁,2025,6,16.13,72.4,夏
西宁,2025,7,19.69,117.7,夏
西宁,2025,8,17.15,152.2,夏
西宁,2025,9,14.05,69.8,秋
西宁,2025,10,7.34,69.6,秋
西宁,2025,11,0.49,9.1,秋
西宁,2025,12,-3.17,4.0,冬
